{"Vanilla (Vantaa)": {"playtimeHours": 1.4996944444444442, "metresWalked": 1689.46, "metresSprinted": 2597.92, "metresCrouched": 365.26, "metresSwam": 953.27, "metresFallen": 840.12, "metresByBoat": 244.71, "metresByHorse": 0.0, "metresByElytra": 0.0, "metresWalkedUnderwater": 181.93, "metresFlown": 5152.84, "jumps": 2574, "gamesQuit": 4, "deaths": 14, "mobsKilled": 98, "playersKilled": 2, "deathsByPlayer": 1, "sneakTimeHours": 0.22683333333333336, "brokenBlocks": {"white_bed": 4, "glow_lichen": 1, "acacia_log": 81, "granite": 3, "chiseled_polished_blackstone": 2, "cracked_polished_blackstone_bricks": 2, "gilded_blackstone": 1, "polished_blackstone_bricks": 17, "redstone_ore": 3, "furnace": 9, "iron_ore": 67, "andesite": 1, "pumpkin": 14, "twisting_vines": 3, "deepslate_iron_ore": 8, "warped_stem": 7, "bamboo": 1, "stone": 198, "deepslate_redstone_ore": 1, "acacia_leaves": 4, "blackstone": 39, "twisting_vines_plant": 5, "dandelion": 1, "clay": 13, "crafting_table": 14, "poppy": 1, "melon": 16, "warped_roots": 3, "tall_grass": 8, "cobblestone": 5, "lapis_ore": 10, "sugar_cane": 10, "diorite": 1, "wall_torch": 1, "seagrass": 2, "warped_nylium": 7, "grass": 477, "oak_log": 2, "coal_ore": 90, "acacia_door": 1, "dirt": 1, "brown_candle": 1, "acacia_planks": 1, "netherrack": 91, "oak_leaves": 4, "deepslate": 50, "fern": 113}, "usedItems": {"stone_sword": 15, "acacia_log": 2, "shield": 36, "iron_sword": 106, "rotten_flesh": 3, "netherrack": 90, "iron_chestplate": 1, "torch": 1, "mutton": 3, "acacia_sapling": 1, "obsidian": 1, "wooden_axe": 63, "iron_helmet": 1, "iron_boots": 1, "golden_carrot": 4, "furnace": 9, "cobbled_deepslate": 24, "cooked_beef": 8, "acacia_planks": 3, "cooked_mutton": 17, "chiseled_polished_blackstone": 2, "acacia_boat": 1, "water_bucket": 3, "stone_pickaxe": 264, "blackstone": 32, "wooden_pickaxe": 162, "polished_blackstone_bricks": 17, "crafting_table": 17, "white_bed": 3, "acacia_door": 1, "melon_slice": 20, "iron_pickaxe": 184, "stone_axe": 207, "cobblestone": 111, "bucket": 4}, "killedBy": {"player": 1, "creeper": 4, "enderman": 1, "drowned": 1, "skeleton": 2, "zombie": 3}, "craftedItems": {"oak_planks": 8, "furnace": 4, "cooked_mutton": 17, "warped_planks": 28, "iron_boots": 2, "stone_pickaxe": 3, "cooked_beef": 8, "crafting_table": 5, "wooden_pickaxe": 4, "iron_helmet": 1, "iron_sword": 1, "bucket": 1, "stone_axe": 3, "acacia_boat": 1, "air": 0, "iron_chestplate": 1, "shield": 2, "stick": 44, "iron_ingot": 46, "iron_pickaxe": 2, "wooden_axe": 3, "stone_sword": 1, "acacia_door": 3, "iron_leggings": 1, "white_bed": 2, "acacia_planks": 168, "torch": 8}, "pickedUpItems": {"crafting_table": 14, "chicken": 7, "clay_ball": 40, "gilded_blackstone": 1, "string": 4, "acacia_door": 1, "armor_stand": 1, "blackstone": 39, "cobbled_deepslate": 52, "beef": 40, "poppy": 1, "light_gray_wool": 2, "melon_slice": 75, "sugar_cane": 20, "furnace": 8, "stick": 1, "raw_iron": 88, "torch": 1, "acacia_log": 80, "polished_blackstone_bricks": 17, "golden_axe": 1, "diorite": 1, "redstone": 13, "golden_chestplate": 1, "stone_sword": 1, "arrow": 5, "rotten_flesh": 11, "mutton": 48, "white_wool": 27, "cobblestone": 201, "feather": 8, "glow_ink_sac": 1, "andesite": 1, "leather": 12, "oak_log": 2, "lapis_lazuli": 63, "dirt": 1, "brown_candle": 1, "twisting_vines": 9, "bone": 10, "acacia_planks": 65, "apple": 1, "bow": 1, "wheat_seeds": 52, "warped_stem": 7, "iron_ingot": 1, "bamboo": 12, "acacia_sapling": 1, "chiseled_polished_blackstone": 2, "pumpkin": 14, "dandelion": 1, "white_bed": 4, "spider_eye": 1, "cracked_polished_blackstone_bricks": 2, "granite": 3, "warped_roots": 4, "oak_sapling": 1, "netherrack": 90, "black_wool": 1, "coal": 219}, "killedMobs": {"spider": 4, "horse": 1, "skeleton": 7, "chicken": 7, "piglin_brute": 7, "piglin": 11, "creeper": 1, "sheep": 30, "zombie": 12, "cow": 15}, "brokenBlocksRanked": ["grass", "stone", "fern", "netherrack", "coal_ore", "acacia_log", "iron_ore", "deepslate", "blackstone", "polished_blackstone_bricks", "melon", "crafting_table", "pumpkin", "clay", "sugar_cane", "lapis_ore", "furnace", "tall_grass", "deepslate_iron_ore", "warped_nylium", "warped_stem", "cobblestone", "twisting_vines_plant", "oak_leaves", "acacia_leaves", "white_bed", "warped_roots", "twisting_vines", "redstone_ore", "granite", "oak_log", "seagrass", "cracked_polished_blackstone_bricks", "chiseled_polished_blackstone", "acacia_planks", "brown_candle", "dirt", "acacia_door", "wall_torch", "diorite", "poppy", "dandelion", "deepslate_redstone_ore", "bamboo", "andesite", "gilded_blackstone", "glow_lichen"], "usedItemsRanked": ["stone_pickaxe", "stone_axe", "iron_pickaxe", "wooden_pickaxe", "cobblestone", "iron_sword", "netherrack", "wooden_axe", "shield", "blackstone", "cobbled_deepslate", "melon_slice", "crafting_table", "polished_blackstone_bricks", "cooked_mutton", "stone_sword", "furnace", "cooked_beef", "bucket", "golden_carrot", "white_bed", "water_bucket", "acacia_planks", "mutton", "rotten_flesh", "chiseled_polished_blackstone", "acacia_log", "acacia_door", "acacia_boat", "iron_boots", "iron_helmet", "obsidian", "acacia_sapling", "torch", "iron_chestplate"], "killedByRanked": ["creeper", "zombie", "skeleton", "drowned", "enderman", "player"], "craftedItemsRanked": ["acacia_planks", "iron_ingot", "stick", "warped_planks", "cooked_mutton", "torch", "cooked_beef", "oak_planks", "crafting_table", "wooden_pickaxe", "furnace", "acacia_door", "wooden_axe", "stone_axe", "stone_pickaxe", "white_bed", "iron_pickaxe", "shield", "iron_boots", "iron_leggings", "stone_sword", "iron_chestplate", "acacia_boat", "bucket", "iron_sword", "iron_helmet", "air"], "pickedUpItemsRanked": ["coal", "cobblestone", "netherrack", "raw_iron", "acacia_log", "melon_slice", "acacia_planks", "lapis_lazuli", "wheat_seeds", "cobbled_deepslate", "mutton", "beef", "clay_ball", "blackstone", "white_wool", "sugar_cane", "polished_blackstone_bricks", "pumpkin", "crafting_table", "redstone", "bamboo", "leather", "rotten_flesh", "bone", "twisting_vines", "feather", "furnace", "warped_stem", "chicken", "arrow", "warped_roots", "white_bed", "string", "granite", "cracked_polished_blackstone_bricks", "chiseled_polished_blackstone", "oak_log", "light_gray_wool", "black_wool", "oak_sapling", "spider_eye", "dandelion", "acacia_sapling", "iron_ingot", "bow", "apple", "brown_candle", "dirt", "andesite", "glow_ink_sac", "stone_sword", "golden_chestplate", "diorite", "golden_axe", "torch", "stick", "poppy", "armor_stand", "acacia_door", "gilded_blackstone"], "killedMobsRanked": ["sheep", "cow", "zombie", "piglin", "piglin_brute", "chicken", "skeleton", "spider", "creeper", "horse"], "brokenBlocksTotal": 1394, "usedItemsTotal": 1417, "killedByTotal": 12, "craftedItemsTotal": 367, "pickedUpItemsTotal": 1391, "killedMobsTotal": 95}, "combined": {"playtimeHours": 1.4996944444444442, "metresWalked": 1689.46, "metresSprinted": 2597.92, "metresCrouched": 365.26, "metresSwam": 953.27, "metresFallen": 840.12, "metresByBoat": 244.71, "metresByHorse": 0.0, "metresByElytra": 0.0, "metresWalkedUnderwater": 181.93, "metresFlown": 5152.84, "jumps": 2574, "gamesQuit": 4, "deaths": 14, "mobsKilled": 98, "playersKilled": 2, "deathsByPlayer": 1, "sneakTimeHours": 0.22683333333333336, "brokenBlocks": {"white_bed": 4, "glow_lichen": 1, "acacia_log": 81, "granite": 3, "chiseled_polished_blackstone": 2, "cracked_polished_blackstone_bricks": 2, "gilded_blackstone": 1, "polished_blackstone_bricks": 17, "redstone_ore": 3, "furnace": 9, "iron_ore": 67, "andesite": 1, "pumpkin": 14, "twisting_vines": 3, "deepslate_iron_ore": 8, "warped_stem": 7, "bamboo": 1, "stone": 198, "deepslate_redstone_ore": 1, "acacia_leaves": 4, "blackstone": 39, "twisting_vines_plant": 5, "dandelion": 1, "clay": 13, "crafting_table": 14, "poppy": 1, "melon": 16, "warped_roots": 3, "tall_grass": 8, "cobblestone": 5, "lapis_ore": 10, "sugar_cane": 10, "diorite": 1, "wall_torch": 1, "seagrass": 2, "warped_nylium": 7, "grass": 477, "oak_log": 2, "coal_ore": 90, "acacia_door": 1, "dirt": 1, "brown_candle": 1, "acacia_planks": 1, "netherrack": 91, "oak_leaves": 4, "deepslate": 50, "fern": 113}, "usedItems": {"stone_sword": 15, "acacia_log": 2, "shield": 36, "iron_sword": 106, "rotten_flesh": 3, "netherrack": 90, "iron_chestplate": 1, "torch": 1, "mutton": 3, "acacia_sapling": 1, "obsidian": 1, "wooden_axe": 63, "iron_helmet": 1, "iron_boots": 1, "golden_carrot": 4, "furnace": 9, "cobbled_deepslate": 24, "cooked_beef": 8, "acacia_planks": 3, "cooked_mutton": 17, "chiseled_polished_blackstone": 2, "acacia_boat": 1, "water_bucket": 3, "stone_pickaxe": 264, "blackstone": 32, "wooden_pickaxe": 162, "polished_blackstone_bricks": 17, "crafting_table": 17, "white_bed": 3, "acacia_door": 1, "melon_slice": 20, "iron_pickaxe": 184, "stone_axe": 207, "cobblestone": 111, "bucket": 4}, "killedBy": {"player": 1, "creeper": 4, "enderman": 1, "drowned": 1, "skeleton": 2, "zombie": 3}, "craftedItems": {"oak_planks": 8, "furnace": 4, "cooked_mutton": 17, "warped_planks": 28, "iron_boots": 2, "stone_pickaxe": 3, "cooked_beef": 8, "crafting_table": 5, "wooden_pickaxe": 4, "iron_helmet": 1, "iron_sword": 1, "bucket": 1, "stone_axe": 3, "acacia_boat": 1, "air": 0, "iron_chestplate": 1, "shield": 2, "stick": 44, "iron_ingot": 46, "iron_pickaxe": 2, "wooden_axe": 3, "stone_sword": 1, "acacia_door": 3, "iron_leggings": 1, "white_bed": 2, "acacia_planks": 168, "torch": 8}, "pickedUpItems": {"crafting_table": 14, "chicken": 7, "clay_ball": 40, "gilded_blackstone": 1, "string": 4, "acacia_door": 1, "armor_stand": 1, "blackstone": 39, "cobbled_deepslate": 52, "beef": 40, "poppy": 1, "light_gray_wool": 2, "melon_slice": 75, "sugar_cane": 20, "furnace": 8, "stick": 1, "raw_iron": 88, "torch": 1, "acacia_log": 80, "polished_blackstone_bricks": 17, "golden_axe": 1, "diorite": 1, "redstone": 13, "golden_chestplate": 1, "stone_sword": 1, "arrow": 5, "rotten_flesh": 11, "mutton": 48, "white_wool": 27, "cobblestone": 201, "feather": 8, "glow_ink_sac": 1, "andesite": 1, "leather": 12, "oak_log": 2, "lapis_lazuli": 63, "dirt": 1, "brown_candle": 1, "twisting_vines": 9, "bone": 10, "acacia_planks": 65, "apple": 1, "bow": 1, "wheat_seeds": 52, "warped_stem": 7, "iron_ingot": 1, "bamboo": 12, "acacia_sapling": 1, "chiseled_polished_blackstone": 2, "pumpkin": 14, "dandelion": 1, "white_bed": 4, "spider_eye": 1, "cracked_polished_blackstone_bricks": 2, "granite": 3, "warped_roots": 4, "oak_sapling": 1, "netherrack": 90, "black_wool": 1, "coal": 219}, "killedMobs": {"spider": 4, "horse": 1, "skeleton": 7, "chicken": 7, "piglin_brute": 7, "piglin": 11, "creeper": 1, "sheep": 30, "zombie": 12, "cow": 15}, "brokenBlocksRanked": ["grass", "stone", "fern", "netherrack", "coal_ore", "acacia_log", "iron_ore", "deepslate", "blackstone", "polished_blackstone_bricks", "melon", "crafting_table", "pumpkin", "clay", "sugar_cane", "lapis_ore", "furnace", "tall_grass", "deepslate_iron_ore", "warped_nylium", "warped_stem", "cobblestone", "twisting_vines_plant", "oak_leaves", "acacia_leaves", "white_bed", "warped_roots", "twisting_vines", "redstone_ore", "granite", "oak_log", "seagrass", "cracked_polished_blackstone_bricks", "chiseled_polished_blackstone", "acacia_planks", "brown_candle", "dirt", "acacia_door", "wall_torch", "diorite", "poppy", "dandelion", "deepslate_redstone_ore", "bamboo", "andesite", "gilded_blackstone", "glow_lichen"], "usedItemsRanked": ["stone_pickaxe", "stone_axe", "iron_pickaxe", "wooden_pickaxe", "cobblestone", "iron_sword", "netherrack", "wooden_axe", "shield", "blackstone", "cobbled_deepslate", "melon_slice", "crafting_table", "polished_blackstone_bricks", "cooked_mutton", "stone_sword", "furnace", "cooked_beef", "bucket", "golden_carrot", "white_bed", "water_bucket", "acacia_planks", "mutton", "rotten_flesh", "chiseled_polished_blackstone", "acacia_log", "acacia_door", "acacia_boat", "iron_boots", "iron_helmet", "obsidian", "acacia_sapling", "torch", "iron_chestplate"], "killedByRanked": ["creeper", "zombie", "skeleton", "drowned", "enderman", "player"], "craftedItemsRanked": ["acacia_planks", "iron_ingot", "stick", "warped_planks", "cooked_mutton", "torch", "cooked_beef", "oak_planks", "crafting_table", "wooden_pickaxe", "furnace", "acacia_door", "wooden_axe", "stone_axe", "stone_pickaxe", "white_bed", "iron_pickaxe", "shield", "iron_boots", "iron_leggings", "stone_sword", "iron_chestplate", "acacia_boat", "bucket", "iron_sword", "iron_helmet", "air"], "pickedUpItemsRanked": ["coal", "cobblestone", "netherrack", "raw_iron", "acacia_log", "melon_slice", "acacia_planks", "lapis_lazuli", "wheat_seeds", "cobbled_deepslate", "mutton", "beef", "clay_ball", "blackstone", "white_wool", "sugar_cane", "polished_blackstone_bricks", "pumpkin", "crafting_table", "redstone", "bamboo", "leather", "rotten_flesh", "bone", "twisting_vines", "feather", "furnace", "warped_stem", "chicken", "arrow", "warped_roots", "white_bed", "string", "granite", "cracked_polished_blackstone_bricks", "chiseled_polished_blackstone", "oak_log", "light_gray_wool", "black_wool", "oak_sapling", "spider_eye", "dandelion", "acacia_sapling", "iron_ingot", "bow", "apple", "brown_candle", "dirt", "andesite", "glow_ink_sac", "stone_sword", "golden_chestplate", "diorite", "golden_axe", "torch", "stick", "poppy", "armor_stand", "acacia_door", "gilded_blackstone"], "killedMobsRanked": ["sheep", "cow", "zombie", "piglin", "piglin_brute", "chicken", "skeleton", "spider", "creeper", "horse"], "brokenBlocksTotal": 1394, "usedItemsTotal": 1417, "killedByTotal": 12, "craftedItemsTotal": 367, "pickedUpItemsTotal": 1391, "killedMobsTotal": 95}, "playtimeHoursRanked": ["Vanilla (Vantaa)"], "metresWalkedRanked": ["Vanilla (Vantaa)"], "metresSprintedRanked": ["Vanilla (Vantaa)"], "metresCrouchedRanked": ["Vanilla (Vantaa)"], "metresSwamRanked": ["Vanilla (Vantaa)"], "metresFallenRanked": ["Vanilla (Vantaa)"], "metresByBoatRanked": ["Vanilla (Vantaa)"], "metresByHorseRanked": ["Vanilla (Vantaa)"], "metresByElytraRanked": ["Vanilla (Vantaa)"], "metresWalkedUnderwaterRanked": ["Vanilla (Vantaa)"], "metresFlownRanked": ["Vanilla (Vantaa)"], "jumpsRanked": ["Vanilla (Vantaa)"], "gamesQuitRanked": ["Vanilla (Vantaa)"], "deathsRanked": ["Vanilla (Vantaa)"], "mobsKilledRanked": ["Vanilla (Vantaa)"], "playersKilledRanked": ["Vanilla (Vantaa)"], "deathsByPlayerRanked": ["Vanilla (Vantaa)"], "sneakTimeHoursRanked": ["Vanilla (Vantaa)"]}