{"Vanilla (Vantaa)": {"playtimeHours": 18.894805555555553, "metresWalked": 14783.61, "metresSprinted": 49918.37, "metresCrouched": 6414.81, "metresSwam": 8107.57, "metresFallen": 5285.32, "metresByBoat": 21585.58, "metresByHorse": 39999.83, "metresByElytra": 1201.46, "metresWalkedUnderwater": 2400.12, "metresFlown": 42718.08, "jumps": 22007, "gamesQuit": 40, "deaths": 47, "mobsKilled": 304, "playersKilled": 0, "deathsByPlayer": 0, "sneakTimeHours": 2.836597222222222, "brokenBlocks": {"dark_oak_planks": 1, "spruce_planks": 7, "stone_pressure_plate": 2, "white_bed": 2, "andesite_stairs": 7, "sculk_vein": 6, "brewing_stand": 1, "obsidian": 10, "spruce_trapdoor": 1, "granite": 6, "grass_block": 664, "cracked_polished_blackstone_bricks": 3, "soul_soil": 4, "polished_blackstone_brick_slab": 13, "frosted_ice": 17, "spawner": 1, "polished_blackstone_bricks": 6, "magma_block": 5, "sculk_catalyst": 1, "glowstone": 56, "barrel": 13, "iron_ore": 48, "cobbled_deepslate": 9, "fire": 36, "deepslate_lapis_ore": 2, "dark_oak_stairs": 1, "sculk_shrieker": 2, "cave_vines": 1, "dirt_path": 1, "iron_bars": 2, "azalea_leaves": 3, "spruce_slab": 83, "tripwire": 2, "orange_bed": 1, "deepslate_redstone_ore": 10, "red_bed": 3, "blackstone": 174, "crimson_nylium": 4, "soul_lantern": 2, "torch": 11, "poppy": 10, "dead_bush": 1, "cobblestone": 57, "sugar_cane": 144, "wall_torch": 15, "seagrass": 3, "stone_stairs": 9, "nether_wart_block": 1, "purpur_block": 1, "stone_brick_stairs": 1, "grass": 83, "oak_log": 427, "dirt": 509, "sand": 34, "red_mushroom_block": 1, "netherrack": 1623, "oak_leaves": 75, "deepslate": 308, "tuff": 7, "mossy_cobblestone": 1, "deepslate_diamond_ore": 11, "blackstone_wall": 1, "dark_oak_log": 24, "end_stone": 166, "lever": 1, "nether_bricks": 31, "ladder": 3, "spruce_fence": 13, "spruce_leaves": 34, "kelp": 1, "moss_block": 3, "sandstone": 2, "rooted_dirt": 15, "large_fern": 4, "hay_block": 183, "furnace": 8, "snow": 1, "andesite": 28, "deepslate_iron_ore": 13, "lantern": 2, "stripped_oak_log": 1, "packed_ice": 28, "stone": 856, "white_wool": 3, "light_gray_carpet": 6, "soul_sand": 14, "infested_stone_bricks": 1, "lily_of_the_valley": 2, "basalt": 46, "dandelion": 10, "crafting_table": 3, "cornflower": 1, "blackstone_slab": 7, "oak_wood": 1, "sculk_sensor": 4, "purpur_pillar": 2, "tall_grass": 21, "copper_ore": 1, "polished_blackstone_brick_stairs": 2, "sculk": 378, "diorite": 14, "blue_bed": 1, "warped_wart_block": 1, "spruce_stairs": 4, "birch_planks": 3, "coarse_dirt": 1, "polished_blackstone_slab": 17, "ice": 35, "white_carpet": 21, "spruce_log": 497, "birch_leaves": 20, "coal_ore": 20, "gravel": 54, "cracked_stone_bricks": 1, "stone_bricks": 4, "iron_trapdoor": 2, "fern": 3}, "usedItems": {"spruce_slab": 864, "ladder": 21, "chest": 19, "shield": 14, "stone": 42, "iron_sword": 420, "iron_chestplate": 5, "lily_of_the_valley": 2, "mutton": 22, "nether_bricks": 28, "tuff": 5, "snowball": 1, "obsidian": 19, "glass": 15, "spruce_boat": 38, "polished_blackstone_slab": 232, "lava_bucket": 52, "lantern": 44, "polished_blackstone_brick_wall": 4, "iron_helmet": 2, "stone_brick_stairs": 95, "stone_bricks": 92, "golden_sword": 124, "magma_block": 5, "furnace": 10, "oak_sapling": 4, "cooked_cod": 2, "egg": 1, "golden_boots": 1, "diorite": 7, "spruce_door": 6, "birch_leaves": 14, "stone_pickaxe": 1165, "blackstone": 138, "ender_pearl": 6, "wooden_pickaxe": 23, "end_stone_brick_slab": 82, "diamond_axe": 115, "sugar_cane": 4, "blue_bed": 1, "purpur_pillar": 2, "white_wool": 3, "golden_apple": 6, "sand": 7, "blackstone_wall": 11, "shears": 17, "end_stone": 113, "lever": 3, "bread": 90, "stone_button": 28, "gravel": 49, "golden_helmet": 1, "blackstone_slab": 203, "nether_wart_block": 1, "wooden_sword": 29, "andesite": 6, "oak_boat": 12, "coarse_dirt": 1, "golden_pickaxe": 25, "polished_blackstone_brick_slab": 139, "enchanting_table": 1, "stone_sword": 10, "flint_and_steel": 7, "stone_shovel": 924, "light_gray_carpet": 5, "spruce_planks": 144, "cooked_chicken": 3, "cooked_salmon": 12, "stone_hoe": 218, "netherrack": 726, "orange_bed": 3, "torch": 154, "brewing_stand": 1, "dirt": 897, "warped_wart_block": 1, "white_carpet": 24, "spruce_stairs": 189, "stone_stairs": 19, "golden_chestplate": 1, "oak_wood": 25, "golden_shovel": 15, "granite": 2, "spruce_fence": 127, "stone_brick_slab": 2, "wooden_axe": 4, "bookshelf": 15, "iron_axe": 19, "rooted_dirt": 15, "polished_blackstone_brick_stairs": 18, "iron_boots": 2, "barrel": 23, "basalt": 4, "glowstone": 34, "golden_carrot": 11, "beef": 11, "iron_trapdoor": 2, "soul_soil": 2, "stone_pressure_plate": 2, "cooked_beef": 80, "cobbled_deepslate": 80, "golden_axe": 13, "iron_leggings": 3, "cooked_mutton": 34, "water_bucket": 209, "snow_block": 1, "cobblestone_slab": 42, "leather_boots": 1, "polished_blackstone_bricks": 151, "salmon": 3, "crafting_table": 36, "red_bed": 3, "white_bed": 28, "spruce_log": 43, "oak_log": 285, "diamond_pickaxe": 307, "ender_eye": 14, "cornflower": 1, "cracked_polished_blackstone_bricks": 110, "iron_pickaxe": 2197, "spruce_pressure_plate": 2, "spruce_trapdoor": 140, "spruce_sapling": 16, "stone_axe": 1187, "cobblestone": 263, "cobbled_deepslate_slab": 80, "porkchop": 27, "white_banner": 1, "cooked_porkchop": 68, "andesite_stairs": 7, "bucket": 262}, "killedBy": {"wither_skeleton": 10, "creeper": 2, "blaze": 15, "zombie": 2, "enderman": 1, "ender_dragon": 2, "skeleton": 3}, "craftedItems": {"oak_planks": 204, "cobblestone_slab": 120, "barrel": 10, "blaze_powder": 24, "cooked_chicken": 3, "stone": 362, "lever": 2, "bookshelf": 16, "spruce_pressure_plate": 2, "cooked_mutton": 105, "glass": 15, "stone_brick_slab": 12, "diamond_helmet": 1, "diamond_leggings": 1, "iron_boots": 3, "blackstone_wall": 4, "chest": 19, "stone_hoe": 2, "ender_eye": 18, "stone_bricks": 268, "golden_sword": 1, "golden_boots": 2, "cooked_porkchop": 73, "diamond_axe": 1, "crafting_table": 34, "spruce_planks": 1804, "wooden_pickaxe": 2, "iron_helmet": 3, "spruce_door": 6, "golden_pickaxe": 1, "oak_wood": 84, "birch_planks": 460, "end_stone_brick_slab": 96, "stone_brick_stairs": 96, "spruce_trapdoor": 152, "iron_chestplate": 3, "book": 46, "paper": 207, "diamond_pickaxe": 1, "charcoal": 256, "yellow_dye": 10, "shield": 2, "stick": 312, "iron_ingot": 44, "iron_pickaxe": 11, "andesite_stairs": 8, "shears": 2, "wooden_sword": 2, "cobbled_deepslate_slab": 132, "stone_shovel": 3, "leather_boots": 2, "iron_nugget": 198, "furnace": 3, "stone_button": 21, "spruce_fence": 141, "end_stone_bricks": 48, "flint_and_steel": 3, "stone_stairs": 16, "lantern": 24, "spruce_stairs": 188, "iron_axe": 1, "ladder": 18, "spruce_slab": 888, "stone_pickaxe": 9, "spruce_boat": 3, "dark_oak_planks": 96, "golden_helmet": 1, "wheat": 198, "cooked_beef": 84, "red_dye": 10, "diamond_sword": 1, "iron_sword": 4, "cooked_salmon": 9, "bucket": 2, "stone_axe": 10, "glowstone": 37, "orange_dye": 20, "bread": 66, "air": 0, "polished_blackstone_brick_wall": 4, "oak_boat": 6, "wooden_axe": 2, "iron_leggings": 1, "white_bed": 34, "orange_bed": 2, "torch": 100, "blackstone_slab": 162}, "pickedUpItems": {"wooden_axe": 7, "iron_chestplate": 31, "iron_trapdoor": 3, "lead": 8, "potion": 1, "stone_brick_stairs": 1, "brewing_stand": 1, "golden_sword": 3, "polished_blackstone_brick_stairs": 2, "string": 3, "soul_soil": 2, "cooked_salmon": 4, "iron_leggings": 16, "cobbled_deepslate": 357, "bucket": 7, "spruce_planks": 396, "ender_eye": 3, "azalea": 1, "iron_pickaxe": 22, "enchanted_golden_apple": 1, "iron_boots": 14, "furnace": 17, "polished_blackstone_brick_slab": 17, "stick": 73, "oak_fence": 1, "purpur_pillar": 2, "torch": 166, "spruce_stairs": 4, "porkchop": 122, "golden_axe": 1, "diorite": 18, "orange_bed": 1, "stone_sword": 19, "rotten_flesh": 25, "blackstone_wall": 1, "blaze_rod": 50, "obsidian": 14, "iron_bars": 2, "snowball": 1, "cobblestone": 1183, "magma_block": 5, "leather_chestplate": 1, "feather": 6, "cooked_beef": 54, "magma_cream": 4, "water_bucket": 12, "andesite": 33, "golden_leggings": 17, "flint": 3, "tuff": 11, "lapis_lazuli": 34, "dirt": 1551, "lantern": 20, "bone": 35, "wheat_seeds": 15, "glowstone_dust": 148, "moss_block": 3, "stone_hoe": 2, "oak_planks": 13, "cooked_porkchop": 108, "warped_wart_block": 1, "sand": 34, "polished_blackstone_slab": 26, "lily_of_the_valley": 2, "dark_oak_log": 24, "barrel": 17, "diamond": 21, "spruce_boat": 55, "soul_lantern": 4, "lever": 1, "cracked_polished_blackstone_bricks": 2, "granite": 6, "bone_meal": 5, "golden_apple": 9, "emerald": 11, "bread": 35, "rooted_dirt": 15, "oak_sapling": 19, "light_gray_carpet": 10, "netherrack": 1604, "diamond_pickaxe": 2, "charcoal": 91, "crafting_table": 4, "coarse_dirt": 1, "chicken": 3, "ladder": 3, "clay_ball": 9, "wooden_pickaxe": 7, "purpur_block": 1, "shield": 11, "elytra": 1, "cornflower": 1, "stone_stairs": 9, "red_bed": 3, "iron_axe": 12, "wooden_sword": 2, "flint_and_steel": 25, "compass": 2, "white_carpet": 110, "blackstone": 184, "cracked_stone_bricks": 1, "beef": 120, "andesite_stairs": 7, "oak_boat": 7, "poppy": 10, "spruce_slab": 188, "sugar_cane": 228, "spruce_trapdoor": 1, "egg": 2, "raw_iron": 75, "sandstone": 2, "end_stone": 228, "copper_ingot": 2, "spruce_fence": 13, "polished_blackstone_bricks": 6, "stone_button": 12, "redstone": 47, "stone_pressure_plate": 2, "dark_oak_planks": 57, "cooked_cod": 1, "arrow": 7, "stone_shovel": 2, "golden_hoe": 1, "nether_bricks": 45, "shears": 1, "hay_block": 280, "saddle": 1, "gold_ingot": 38, "mutton": 142, "white_wool": 130, "stripped_oak_log": 1, "birch_leaves": 24, "basalt": 104, "salmon": 12, "leather": 56, "blackstone_slab": 31, "filled_map": 3, "birch_planks": 7, "oak_log": 423, "golden_boots": 12, "nether_wart_block": 1, "gunpowder": 2, "blue_bed": 8, "white_banner": 4, "cooked_mutton": 42, "apple": 2, "stone_bricks": 4, "stone_pickaxe": 12, "iron_ingot": 138, "cooked_chicken": 3, "soul_sand": 3, "iron_sword": 37, "dark_oak_stairs": 1, "dandelion": 10, "gravel": 51, "lava_bucket": 1, "spruce_sapling": 18, "white_bed": 8, "spruce_log": 494, "dragon_egg": 1, "spider_eye": 1, "leather_helmet": 1, "oak_wood": 16, "stone_axe": 9, "iron_helmet": 28, "diamond_axe": 2, "gray_wool": 5, "black_wool": 1, "coal": 29, "shulker_shell": 1, "ender_pearl": 10}, "killedMobs": {"spider": 2, "shulker": 1, "skeleton": 9, "chicken": 3, "silverfish": 3, "magma_cube": 23, "piglin": 2, "pig": 53, "salmon": 12, "creeper": 1, "sheep": 72, "trader_llama": 2, "pillager": 3, "zombie": 15, "blaze": 32, "cow": 49, "drowned": 5, "wandering_trader": 1, "wither_skeleton": 8, "enderman": 4}, "brokenBlocksRanked": ["netherrack", "stone", "grass_block", "dirt", "spruce_log", "oak_log", "sculk", "deepslate", "hay_block", "blackstone", "end_stone", "sugar_cane", "grass", "spruce_slab", "oak_leaves", "cobblestone", "glowstone", "gravel", "iron_ore", "basalt", "fire", "ice", "spruce_leaves", "sand", "nether_bricks", "packed_ice", "andesite", "dark_oak_log", "white_carpet", "tall_grass", "coal_ore", "birch_leaves", "polished_blackstone_slab", "frosted_ice", "rooted_dirt", "wall_torch", "diorite", "soul_sand", "deepslate_iron_ore", "spruce_fence", "barrel", "polished_blackstone_brick_slab", "deepslate_diamond_ore", "torch", "dandelion", "poppy", "deepslate_redstone_ore", "obsidian", "stone_stairs", "cobbled_deepslate", "furnace", "blackstone_slab", "tuff", "andesite_stairs", "spruce_planks", "light_gray_carpet", "polished_blackstone_bricks", "granite", "sculk_vein", "magma_block", "stone_bricks", "spruce_stairs", "sculk_sensor", "large_fern", "crimson_nylium", "soul_soil", "fern", "birch_planks", "crafting_table", "white_wool", "moss_block", "ladder", "seagrass", "red_bed", "azalea_leaves", "cracked_polished_blackstone_bricks", "iron_trapdoor", "polished_blackstone_brick_stairs", "purpur_pillar", "lily_of_the_valley", "lantern", "sandstone", "soul_lantern", "tripwire", "iron_bars", "sculk_shrieker", "deepslate_lapis_ore", "white_bed", "stone_pressure_plate", "cracked_stone_bricks", "coarse_dirt", "warped_wart_block", "blue_bed", "copper_ore", "oak_wood", "cornflower", "infested_stone_bricks", "stripped_oak_log", "snow", "kelp", "lever", "blackstone_wall", "mossy_cobblestone", "red_mushroom_block", "stone_brick_stairs", "purpur_block", "nether_wart_block", "dead_bush", "orange_bed", "dirt_path", "cave_vines", "dark_oak_stairs", "sculk_catalyst", "spawner", "spruce_trapdoor", "brewing_stand", "dark_oak_planks"], "usedItemsRanked": ["iron_pickaxe", "stone_axe", "stone_pickaxe", "stone_shovel", "dirt", "spruce_slab", "netherrack", "iron_sword", "diamond_pickaxe", "oak_log", "cobblestone", "bucket", "polished_blackstone_slab", "stone_hoe", "water_bucket", "blackstone_slab", "spruce_stairs", "torch", "polished_blackstone_bricks", "spruce_planks", "spruce_trapdoor", "polished_blackstone_brick_slab", "blackstone", "spruce_fence", "golden_sword", "diamond_axe", "end_stone", "cracked_polished_blackstone_bricks", "stone_brick_stairs", "stone_bricks", "bread", "end_stone_brick_slab", "cobbled_deepslate_slab", "cobbled_deepslate", "cooked_beef", "cooked_porkchop", "lava_bucket", "gravel", "lantern", "spruce_log", "cobblestone_slab", "stone", "spruce_boat", "crafting_table", "cooked_mutton", "glowstone", "wooden_sword", "white_bed", "stone_button", "nether_bricks", "porkchop", "oak_wood", "golden_pickaxe", "white_carpet", "barrel", "wooden_pickaxe", "mutton", "ladder", "iron_axe", "stone_stairs", "obsidian", "chest", "polished_blackstone_brick_stairs", "shears", "spruce_sapling", "rooted_dirt", "bookshelf", "golden_shovel", "glass", "ender_eye", "birch_leaves", "shield", "golden_axe", "cooked_salmon", "oak_boat", "beef", "golden_carrot", "blackstone_wall", "stone_sword", "furnace", "andesite_stairs", "flint_and_steel", "sand", "diorite", "andesite", "golden_apple", "ender_pearl", "spruce_door", "light_gray_carpet", "magma_block", "tuff", "iron_chestplate", "basalt", "wooden_axe", "sugar_cane", "oak_sapling", "polished_blackstone_brick_wall", "red_bed", "salmon", "iron_leggings", "orange_bed", "cooked_chicken", "lever", "white_wool", "spruce_pressure_plate", "stone_pressure_plate", "soul_soil", "iron_trapdoor", "iron_boots", "stone_brick_slab", "granite", "purpur_pillar", "cooked_cod", "iron_helmet", "lily_of_the_valley", "white_banner", "cornflower", "leather_boots", "snow_block", "golden_chestplate", "warped_wart_block", "brewing_stand", "enchanting_table", "coarse_dirt", "nether_wart_block", "golden_helmet", "blue_bed", "golden_boots", "egg", "snowball"], "killedByRanked": ["blaze", "wither_skeleton", "skeleton", "ender_dragon", "zombie", "creeper", "enderman"], "craftedItemsRanked": ["spruce_planks", "spruce_slab", "birch_planks", "stone", "stick", "stone_bricks", "charcoal", "paper", "oak_planks", "wheat", "iron_nugget", "spruce_stairs", "blackstone_slab", "spruce_trapdoor", "spruce_fence", "cobbled_deepslate_slab", "cobblestone_slab", "cooked_mutton", "torch", "dark_oak_planks", "stone_brick_stairs", "end_stone_brick_slab", "cooked_beef", "oak_wood", "cooked_porkchop", "bread", "end_stone_bricks", "book", "iron_ingot", "glowstone", "white_bed", "crafting_table", "lantern", "blaze_powder", "stone_button", "orange_dye", "chest", "ladder", "ender_eye", "stone_stairs", "bookshelf", "glass", "stone_brick_slab", "iron_pickaxe", "stone_axe", "red_dye", "yellow_dye", "barrel", "cooked_salmon", "stone_pickaxe", "andesite_stairs", "oak_boat", "spruce_door", "polished_blackstone_brick_wall", "iron_sword", "blackstone_wall", "spruce_boat", "flint_and_steel", "furnace", "stone_shovel", "iron_chestplate", "iron_helmet", "iron_boots", "cooked_chicken", "orange_bed", "wooden_axe", "bucket", "leather_boots", "wooden_sword", "shears", "shield", "wooden_pickaxe", "golden_boots", "stone_hoe", "spruce_pressure_plate", "lever", "iron_leggings", "diamond_sword", "golden_helmet", "iron_axe", "diamond_pickaxe", "golden_pickaxe", "diamond_axe", "golden_sword", "diamond_leggings", "diamond_helmet", "air"], "pickedUpItemsRanked": ["netherrack", "dirt", "cobblestone", "spruce_log", "oak_log", "spruce_planks", "cobbled_deepslate", "hay_block", "end_stone", "sugar_cane", "spruce_slab", "blackstone", "torch", "glowstone_dust", "mutton", "iron_ingot", "white_wool", "porkchop", "beef", "white_carpet", "cooked_porkchop", "basalt", "charcoal", "raw_iron", "stick", "dark_oak_planks", "leather", "spruce_boat", "cooked_beef", "gravel", "blaze_rod", "redstone", "nether_bricks", "cooked_mutton", "gold_ingot", "iron_sword", "bread", "bone", "sand", "lapis_lazuli", "andesite", "blackstone_slab", "iron_chestplate", "coal", "iron_helmet", "polished_blackstone_slab", "flint_and_steel", "rotten_flesh", "birch_leaves", "dark_oak_log", "iron_pickaxe", "diamond", "lantern", "oak_sapling", "stone_sword", "spruce_sapling", "diorite", "barrel", "golden_leggings", "polished_blackstone_brick_slab", "furnace", "oak_wood", "iron_leggings", "rooted_dirt", "wheat_seeds", "obsidian", "iron_boots", "spruce_fence", "oak_planks", "stone_pickaxe", "golden_boots", "salmon", "stone_button", "iron_axe", "water_bucket", "shield", "emerald", "tuff", "ender_pearl", "dandelion", "poppy", "light_gray_carpet", "stone_axe", "stone_stairs", "clay_ball", "golden_apple", "white_bed", "blue_bed", "lead", "birch_planks", "arrow", "oak_boat", "andesite_stairs", "wooden_pickaxe", "bucket", "wooden_axe", "polished_blackstone_bricks", "granite", "feather", "gray_wool", "bone_meal", "magma_block", "stone_bricks", "white_banner", "crafting_table", "soul_lantern", "magma_cream", "spruce_stairs", "cooked_salmon", "soul_sand", "cooked_chicken", "filled_map", "red_bed", "ladder", "chicken", "moss_block", "flint", "ender_eye", "string", "golden_sword", "iron_trapdoor", "diamond_axe", "apple", "gunpowder", "stone_shovel", "stone_pressure_plate", "copper_ingot", "sandstone", "egg", "compass", "wooden_sword", "diamond_pickaxe", "cracked_polished_blackstone_bricks", "lily_of_the_valley", "stone_hoe", "iron_bars", "purpur_pillar", "soul_soil", "polished_blackstone_brick_stairs", "shulker_shell", "black_wool", "leather_helmet", "spider_eye", "dragon_egg", "lava_bucket", "dark_oak_stairs", "nether_wart_block", "stripped_oak_log", "saddle", "shears", "golden_hoe", "cooked_cod", "spruce_trapdoor", "cracked_stone_bricks", "cornflower", "elytra", "purpur_block", "coarse_dirt", "lever", "warped_wart_block", "leather_chestplate", "snowball", "blackstone_wall", "orange_bed", "golden_axe", "oak_fence", "enchanted_golden_apple", "azalea", "brewing_stand", "stone_brick_stairs", "potion"], "killedMobsRanked": ["sheep", "pig", "cow", "blaze", "magma_cube", "zombie", "salmon", "skeleton", "wither_skeleton", "drowned", "enderman", "pillager", "silverfish", "chicken", "trader_llama", "piglin", "spider", "wandering_trader", "creeper", "shulker"], "brokenBlocksTotal": 7160, "usedItemsTotal": 13856, "killedByTotal": 35, "craftedItemsTotal": 7457, "pickedUpItemsTotal": 10329, "killedMobsTotal": 300}, "combined": {"playtimeHours": 18.894805555555553, "metresWalked": 14783.61, "metresSprinted": 49918.37, "metresCrouched": 6414.81, "metresSwam": 8107.57, "metresFallen": 5285.32, "metresByBoat": 21585.58, "metresByHorse": 39999.83, "metresByElytra": 1201.46, "metresWalkedUnderwater": 2400.12, "metresFlown": 42718.08, "jumps": 22007, "gamesQuit": 40, "deaths": 47, "mobsKilled": 304, "playersKilled": 0, "deathsByPlayer": 0, "sneakTimeHours": 2.836597222222222, "brokenBlocks": {"dark_oak_planks": 1, "spruce_planks": 7, "stone_pressure_plate": 2, "white_bed": 2, "andesite_stairs": 7, "sculk_vein": 6, "brewing_stand": 1, "obsidian": 10, "spruce_trapdoor": 1, "granite": 6, "grass_block": 664, "cracked_polished_blackstone_bricks": 3, "soul_soil": 4, "polished_blackstone_brick_slab": 13, "frosted_ice": 17, "spawner": 1, "polished_blackstone_bricks": 6, "magma_block": 5, "sculk_catalyst": 1, "glowstone": 56, "barrel": 13, "iron_ore": 48, "cobbled_deepslate": 9, "fire": 36, "deepslate_lapis_ore": 2, "dark_oak_stairs": 1, "sculk_shrieker": 2, "cave_vines": 1, "dirt_path": 1, "iron_bars": 2, "azalea_leaves": 3, "spruce_slab": 83, "tripwire": 2, "orange_bed": 1, "deepslate_redstone_ore": 10, "red_bed": 3, "blackstone": 174, "crimson_nylium": 4, "soul_lantern": 2, "torch": 11, "poppy": 10, "dead_bush": 1, "cobblestone": 57, "sugar_cane": 144, "wall_torch": 15, "seagrass": 3, "stone_stairs": 9, "nether_wart_block": 1, "purpur_block": 1, "stone_brick_stairs": 1, "grass": 83, "oak_log": 427, "dirt": 509, "sand": 34, "red_mushroom_block": 1, "netherrack": 1623, "oak_leaves": 75, "deepslate": 308, "tuff": 7, "mossy_cobblestone": 1, "deepslate_diamond_ore": 11, "blackstone_wall": 1, "dark_oak_log": 24, "end_stone": 166, "lever": 1, "nether_bricks": 31, "ladder": 3, "spruce_fence": 13, "spruce_leaves": 34, "kelp": 1, "moss_block": 3, "sandstone": 2, "rooted_dirt": 15, "large_fern": 4, "hay_block": 183, "furnace": 8, "snow": 1, "andesite": 28, "deepslate_iron_ore": 13, "lantern": 2, "stripped_oak_log": 1, "packed_ice": 28, "stone": 856, "white_wool": 3, "light_gray_carpet": 6, "soul_sand": 14, "infested_stone_bricks": 1, "lily_of_the_valley": 2, "basalt": 46, "dandelion": 10, "crafting_table": 3, "cornflower": 1, "blackstone_slab": 7, "oak_wood": 1, "sculk_sensor": 4, "purpur_pillar": 2, "tall_grass": 21, "copper_ore": 1, "polished_blackstone_brick_stairs": 2, "sculk": 378, "diorite": 14, "blue_bed": 1, "warped_wart_block": 1, "spruce_stairs": 4, "birch_planks": 3, "coarse_dirt": 1, "polished_blackstone_slab": 17, "ice": 35, "white_carpet": 21, "spruce_log": 497, "birch_leaves": 20, "coal_ore": 20, "gravel": 54, "cracked_stone_bricks": 1, "stone_bricks": 4, "iron_trapdoor": 2, "fern": 3}, "usedItems": {"spruce_slab": 864, "ladder": 21, "chest": 19, "shield": 14, "stone": 42, "iron_sword": 420, "iron_chestplate": 5, "lily_of_the_valley": 2, "mutton": 22, "nether_bricks": 28, "tuff": 5, "snowball": 1, "obsidian": 19, "glass": 15, "spruce_boat": 38, "polished_blackstone_slab": 232, "lava_bucket": 52, "lantern": 44, "polished_blackstone_brick_wall": 4, "iron_helmet": 2, "stone_brick_stairs": 95, "stone_bricks": 92, "golden_sword": 124, "magma_block": 5, "furnace": 10, "oak_sapling": 4, "cooked_cod": 2, "egg": 1, "golden_boots": 1, "diorite": 7, "spruce_door": 6, "birch_leaves": 14, "stone_pickaxe": 1165, "blackstone": 138, "ender_pearl": 6, "wooden_pickaxe": 23, "end_stone_brick_slab": 82, "diamond_axe": 115, "sugar_cane": 4, "blue_bed": 1, "purpur_pillar": 2, "white_wool": 3, "golden_apple": 6, "sand": 7, "blackstone_wall": 11, "shears": 17, "end_stone": 113, "lever": 3, "bread": 90, "stone_button": 28, "gravel": 49, "golden_helmet": 1, "blackstone_slab": 203, "nether_wart_block": 1, "wooden_sword": 29, "andesite": 6, "oak_boat": 12, "coarse_dirt": 1, "golden_pickaxe": 25, "polished_blackstone_brick_slab": 139, "enchanting_table": 1, "stone_sword": 10, "flint_and_steel": 7, "stone_shovel": 924, "light_gray_carpet": 5, "spruce_planks": 144, "cooked_chicken": 3, "cooked_salmon": 12, "stone_hoe": 218, "netherrack": 726, "orange_bed": 3, "torch": 154, "brewing_stand": 1, "dirt": 897, "warped_wart_block": 1, "white_carpet": 24, "spruce_stairs": 189, "stone_stairs": 19, "golden_chestplate": 1, "oak_wood": 25, "golden_shovel": 15, "granite": 2, "spruce_fence": 127, "stone_brick_slab": 2, "wooden_axe": 4, "bookshelf": 15, "iron_axe": 19, "rooted_dirt": 15, "polished_blackstone_brick_stairs": 18, "iron_boots": 2, "barrel": 23, "basalt": 4, "glowstone": 34, "golden_carrot": 11, "beef": 11, "iron_trapdoor": 2, "soul_soil": 2, "stone_pressure_plate": 2, "cooked_beef": 80, "cobbled_deepslate": 80, "golden_axe": 13, "iron_leggings": 3, "cooked_mutton": 34, "water_bucket": 209, "snow_block": 1, "cobblestone_slab": 42, "leather_boots": 1, "polished_blackstone_bricks": 151, "salmon": 3, "crafting_table": 36, "red_bed": 3, "white_bed": 28, "spruce_log": 43, "oak_log": 285, "diamond_pickaxe": 307, "ender_eye": 14, "cornflower": 1, "cracked_polished_blackstone_bricks": 110, "iron_pickaxe": 2197, "spruce_pressure_plate": 2, "spruce_trapdoor": 140, "spruce_sapling": 16, "stone_axe": 1187, "cobblestone": 263, "cobbled_deepslate_slab": 80, "porkchop": 27, "white_banner": 1, "cooked_porkchop": 68, "andesite_stairs": 7, "bucket": 262}, "killedBy": {"wither_skeleton": 10, "creeper": 2, "blaze": 15, "zombie": 2, "enderman": 1, "ender_dragon": 2, "skeleton": 3}, "craftedItems": {"oak_planks": 204, "cobblestone_slab": 120, "barrel": 10, "blaze_powder": 24, "cooked_chicken": 3, "stone": 362, "lever": 2, "bookshelf": 16, "spruce_pressure_plate": 2, "cooked_mutton": 105, "glass": 15, "stone_brick_slab": 12, "diamond_helmet": 1, "diamond_leggings": 1, "iron_boots": 3, "blackstone_wall": 4, "chest": 19, "stone_hoe": 2, "ender_eye": 18, "stone_bricks": 268, "golden_sword": 1, "golden_boots": 2, "cooked_porkchop": 73, "diamond_axe": 1, "crafting_table": 34, "spruce_planks": 1804, "wooden_pickaxe": 2, "iron_helmet": 3, "spruce_door": 6, "golden_pickaxe": 1, "oak_wood": 84, "birch_planks": 460, "end_stone_brick_slab": 96, "stone_brick_stairs": 96, "spruce_trapdoor": 152, "iron_chestplate": 3, "book": 46, "paper": 207, "diamond_pickaxe": 1, "charcoal": 256, "yellow_dye": 10, "shield": 2, "stick": 312, "iron_ingot": 44, "iron_pickaxe": 11, "andesite_stairs": 8, "shears": 2, "wooden_sword": 2, "cobbled_deepslate_slab": 132, "stone_shovel": 3, "leather_boots": 2, "iron_nugget": 198, "furnace": 3, "stone_button": 21, "spruce_fence": 141, "end_stone_bricks": 48, "flint_and_steel": 3, "stone_stairs": 16, "lantern": 24, "spruce_stairs": 188, "iron_axe": 1, "ladder": 18, "spruce_slab": 888, "stone_pickaxe": 9, "spruce_boat": 3, "dark_oak_planks": 96, "golden_helmet": 1, "wheat": 198, "cooked_beef": 84, "red_dye": 10, "diamond_sword": 1, "iron_sword": 4, "cooked_salmon": 9, "bucket": 2, "stone_axe": 10, "glowstone": 37, "orange_dye": 20, "bread": 66, "air": 0, "polished_blackstone_brick_wall": 4, "oak_boat": 6, "wooden_axe": 2, "iron_leggings": 1, "white_bed": 34, "orange_bed": 2, "torch": 100, "blackstone_slab": 162}, "pickedUpItems": {"wooden_axe": 7, "iron_chestplate": 31, "iron_trapdoor": 3, "lead": 8, "potion": 1, "stone_brick_stairs": 1, "brewing_stand": 1, "golden_sword": 3, "polished_blackstone_brick_stairs": 2, "string": 3, "soul_soil": 2, "cooked_salmon": 4, "iron_leggings": 16, "cobbled_deepslate": 357, "bucket": 7, "spruce_planks": 396, "ender_eye": 3, "azalea": 1, "iron_pickaxe": 22, "enchanted_golden_apple": 1, "iron_boots": 14, "furnace": 17, "polished_blackstone_brick_slab": 17, "stick": 73, "oak_fence": 1, "purpur_pillar": 2, "torch": 166, "spruce_stairs": 4, "porkchop": 122, "golden_axe": 1, "diorite": 18, "orange_bed": 1, "stone_sword": 19, "rotten_flesh": 25, "blackstone_wall": 1, "blaze_rod": 50, "obsidian": 14, "iron_bars": 2, "snowball": 1, "cobblestone": 1183, "magma_block": 5, "leather_chestplate": 1, "feather": 6, "cooked_beef": 54, "magma_cream": 4, "water_bucket": 12, "andesite": 33, "golden_leggings": 17, "flint": 3, "tuff": 11, "lapis_lazuli": 34, "dirt": 1551, "lantern": 20, "bone": 35, "wheat_seeds": 15, "glowstone_dust": 148, "moss_block": 3, "stone_hoe": 2, "oak_planks": 13, "cooked_porkchop": 108, "warped_wart_block": 1, "sand": 34, "polished_blackstone_slab": 26, "lily_of_the_valley": 2, "dark_oak_log": 24, "barrel": 17, "diamond": 21, "spruce_boat": 55, "soul_lantern": 4, "lever": 1, "cracked_polished_blackstone_bricks": 2, "granite": 6, "bone_meal": 5, "golden_apple": 9, "emerald": 11, "bread": 35, "rooted_dirt": 15, "oak_sapling": 19, "light_gray_carpet": 10, "netherrack": 1604, "diamond_pickaxe": 2, "charcoal": 91, "crafting_table": 4, "coarse_dirt": 1, "chicken": 3, "ladder": 3, "clay_ball": 9, "wooden_pickaxe": 7, "purpur_block": 1, "shield": 11, "elytra": 1, "cornflower": 1, "stone_stairs": 9, "red_bed": 3, "iron_axe": 12, "wooden_sword": 2, "flint_and_steel": 25, "compass": 2, "white_carpet": 110, "blackstone": 184, "cracked_stone_bricks": 1, "beef": 120, "andesite_stairs": 7, "oak_boat": 7, "poppy": 10, "spruce_slab": 188, "sugar_cane": 228, "spruce_trapdoor": 1, "egg": 2, "raw_iron": 75, "sandstone": 2, "end_stone": 228, "copper_ingot": 2, "spruce_fence": 13, "polished_blackstone_bricks": 6, "stone_button": 12, "redstone": 47, "stone_pressure_plate": 2, "dark_oak_planks": 57, "cooked_cod": 1, "arrow": 7, "stone_shovel": 2, "golden_hoe": 1, "nether_bricks": 45, "shears": 1, "hay_block": 280, "saddle": 1, "gold_ingot": 38, "mutton": 142, "white_wool": 130, "stripped_oak_log": 1, "birch_leaves": 24, "basalt": 104, "salmon": 12, "leather": 56, "blackstone_slab": 31, "filled_map": 3, "birch_planks": 7, "oak_log": 423, "golden_boots": 12, "nether_wart_block": 1, "gunpowder": 2, "blue_bed": 8, "white_banner": 4, "cooked_mutton": 42, "apple": 2, "stone_bricks": 4, "stone_pickaxe": 12, "iron_ingot": 138, "cooked_chicken": 3, "soul_sand": 3, "iron_sword": 37, "dark_oak_stairs": 1, "dandelion": 10, "gravel": 51, "lava_bucket": 1, "spruce_sapling": 18, "white_bed": 8, "spruce_log": 494, "dragon_egg": 1, "spider_eye": 1, "leather_helmet": 1, "oak_wood": 16, "stone_axe": 9, "iron_helmet": 28, "diamond_axe": 2, "gray_wool": 5, "black_wool": 1, "coal": 29, "shulker_shell": 1, "ender_pearl": 10}, "killedMobs": {"spider": 2, "shulker": 1, "skeleton": 9, "chicken": 3, "silverfish": 3, "magma_cube": 23, "piglin": 2, "pig": 53, "salmon": 12, "creeper": 1, "sheep": 72, "trader_llama": 2, "pillager": 3, "zombie": 15, "blaze": 32, "cow": 49, "drowned": 5, "wandering_trader": 1, "wither_skeleton": 8, "enderman": 4}, "brokenBlocksRanked": ["netherrack", "stone", "grass_block", "dirt", "spruce_log", "oak_log", "sculk", "deepslate", "hay_block", "blackstone", "end_stone", "sugar_cane", "grass", "spruce_slab", "oak_leaves", "cobblestone", "glowstone", "gravel", "iron_ore", "basalt", "fire", "ice", "spruce_leaves", "sand", "nether_bricks", "packed_ice", "andesite", "dark_oak_log", "white_carpet", "tall_grass", "coal_ore", "birch_leaves", "polished_blackstone_slab", "frosted_ice", "rooted_dirt", "wall_torch", "diorite", "soul_sand", "deepslate_iron_ore", "spruce_fence", "barrel", "polished_blackstone_brick_slab", "deepslate_diamond_ore", "torch", "dandelion", "poppy", "deepslate_redstone_ore", "obsidian", "stone_stairs", "cobbled_deepslate", "furnace", "blackstone_slab", "tuff", "andesite_stairs", "spruce_planks", "light_gray_carpet", "polished_blackstone_bricks", "granite", "sculk_vein", "magma_block", "stone_bricks", "spruce_stairs", "sculk_sensor", "large_fern", "crimson_nylium", "soul_soil", "fern", "birch_planks", "crafting_table", "white_wool", "moss_block", "ladder", "seagrass", "red_bed", "azalea_leaves", "cracked_polished_blackstone_bricks", "iron_trapdoor", "polished_blackstone_brick_stairs", "purpur_pillar", "lily_of_the_valley", "lantern", "sandstone", "soul_lantern", "tripwire", "iron_bars", "sculk_shrieker", "deepslate_lapis_ore", "white_bed", "stone_pressure_plate", "cracked_stone_bricks", "coarse_dirt", "warped_wart_block", "blue_bed", "copper_ore", "oak_wood", "cornflower", "infested_stone_bricks", "stripped_oak_log", "snow", "kelp", "lever", "blackstone_wall", "mossy_cobblestone", "red_mushroom_block", "stone_brick_stairs", "purpur_block", "nether_wart_block", "dead_bush", "orange_bed", "dirt_path", "cave_vines", "dark_oak_stairs", "sculk_catalyst", "spawner", "spruce_trapdoor", "brewing_stand", "dark_oak_planks"], "usedItemsRanked": ["iron_pickaxe", "stone_axe", "stone_pickaxe", "stone_shovel", "dirt", "spruce_slab", "netherrack", "iron_sword", "diamond_pickaxe", "oak_log", "cobblestone", "bucket", "polished_blackstone_slab", "stone_hoe", "water_bucket", "blackstone_slab", "spruce_stairs", "torch", "polished_blackstone_bricks", "spruce_planks", "spruce_trapdoor", "polished_blackstone_brick_slab", "blackstone", "spruce_fence", "golden_sword", "diamond_axe", "end_stone", "cracked_polished_blackstone_bricks", "stone_brick_stairs", "stone_bricks", "bread", "end_stone_brick_slab", "cobbled_deepslate_slab", "cobbled_deepslate", "cooked_beef", "cooked_porkchop", "lava_bucket", "gravel", "lantern", "spruce_log", "cobblestone_slab", "stone", "spruce_boat", "crafting_table", "cooked_mutton", "glowstone", "wooden_sword", "white_bed", "stone_button", "nether_bricks", "porkchop", "oak_wood", "golden_pickaxe", "white_carpet", "barrel", "wooden_pickaxe", "mutton", "ladder", "iron_axe", "stone_stairs", "obsidian", "chest", "polished_blackstone_brick_stairs", "shears", "spruce_sapling", "rooted_dirt", "bookshelf", "golden_shovel", "glass", "ender_eye", "birch_leaves", "shield", "golden_axe", "cooked_salmon", "oak_boat", "beef", "golden_carrot", "blackstone_wall", "stone_sword", "furnace", "andesite_stairs", "flint_and_steel", "sand", "diorite", "andesite", "golden_apple", "ender_pearl", "spruce_door", "light_gray_carpet", "magma_block", "tuff", "iron_chestplate", "basalt", "wooden_axe", "sugar_cane", "oak_sapling", "polished_blackstone_brick_wall", "red_bed", "salmon", "iron_leggings", "orange_bed", "cooked_chicken", "lever", "white_wool", "spruce_pressure_plate", "stone_pressure_plate", "soul_soil", "iron_trapdoor", "iron_boots", "stone_brick_slab", "granite", "purpur_pillar", "cooked_cod", "iron_helmet", "lily_of_the_valley", "white_banner", "cornflower", "leather_boots", "snow_block", "golden_chestplate", "warped_wart_block", "brewing_stand", "enchanting_table", "coarse_dirt", "nether_wart_block", "golden_helmet", "blue_bed", "golden_boots", "egg", "snowball"], "killedByRanked": ["blaze", "wither_skeleton", "skeleton", "ender_dragon", "zombie", "creeper", "enderman"], "craftedItemsRanked": ["spruce_planks", "spruce_slab", "birch_planks", "stone", "stick", "stone_bricks", "charcoal", "paper", "oak_planks", "wheat", "iron_nugget", "spruce_stairs", "blackstone_slab", "spruce_trapdoor", "spruce_fence", "cobbled_deepslate_slab", "cobblestone_slab", "cooked_mutton", "torch", "dark_oak_planks", "stone_brick_stairs", "end_stone_brick_slab", "cooked_beef", "oak_wood", "cooked_porkchop", "bread", "end_stone_bricks", "book", "iron_ingot", "glowstone", "white_bed", "crafting_table", "lantern", "blaze_powder", "stone_button", "orange_dye", "chest", "ladder", "ender_eye", "stone_stairs", "bookshelf", "glass", "stone_brick_slab", "iron_pickaxe", "stone_axe", "red_dye", "yellow_dye", "barrel", "cooked_salmon", "stone_pickaxe", "andesite_stairs", "oak_boat", "spruce_door", "polished_blackstone_brick_wall", "iron_sword", "blackstone_wall", "spruce_boat", "flint_and_steel", "furnace", "stone_shovel", "iron_chestplate", "iron_helmet", "iron_boots", "cooked_chicken", "orange_bed", "wooden_axe", "bucket", "leather_boots", "wooden_sword", "shears", "shield", "wooden_pickaxe", "golden_boots", "stone_hoe", "spruce_pressure_plate", "lever", "iron_leggings", "diamond_sword", "golden_helmet", "iron_axe", "diamond_pickaxe", "golden_pickaxe", "diamond_axe", "golden_sword", "diamond_leggings", "diamond_helmet", "air"], "pickedUpItemsRanked": ["netherrack", "dirt", "cobblestone", "spruce_log", "oak_log", "spruce_planks", "cobbled_deepslate", "hay_block", "end_stone", "sugar_cane", "spruce_slab", "blackstone", "torch", "glowstone_dust", "mutton", "iron_ingot", "white_wool", "porkchop", "beef", "white_carpet", "cooked_porkchop", "basalt", "charcoal", "raw_iron", "stick", "dark_oak_planks", "leather", "spruce_boat", "cooked_beef", "gravel", "blaze_rod", "redstone", "nether_bricks", "cooked_mutton", "gold_ingot", "iron_sword", "bread", "bone", "sand", "lapis_lazuli", "andesite", "blackstone_slab", "iron_chestplate", "coal", "iron_helmet", "polished_blackstone_slab", "flint_and_steel", "rotten_flesh", "birch_leaves", "dark_oak_log", "iron_pickaxe", "diamond", "lantern", "oak_sapling", "stone_sword", "spruce_sapling", "diorite", "barrel", "golden_leggings", "polished_blackstone_brick_slab", "furnace", "oak_wood", "iron_leggings", "rooted_dirt", "wheat_seeds", "obsidian", "iron_boots", "spruce_fence", "oak_planks", "stone_pickaxe", "golden_boots", "salmon", "stone_button", "iron_axe", "water_bucket", "shield", "emerald", "tuff", "ender_pearl", "dandelion", "poppy", "light_gray_carpet", "stone_axe", "stone_stairs", "clay_ball", "golden_apple", "white_bed", "blue_bed", "lead", "birch_planks", "arrow", "oak_boat", "andesite_stairs", "wooden_pickaxe", "bucket", "wooden_axe", "polished_blackstone_bricks", "granite", "feather", "gray_wool", "bone_meal", "magma_block", "stone_bricks", "white_banner", "crafting_table", "soul_lantern", "magma_cream", "spruce_stairs", "cooked_salmon", "soul_sand", "cooked_chicken", "filled_map", "red_bed", "ladder", "chicken", "moss_block", "flint", "ender_eye", "string", "golden_sword", "iron_trapdoor", "diamond_axe", "apple", "gunpowder", "stone_shovel", "stone_pressure_plate", "copper_ingot", "sandstone", "egg", "compass", "wooden_sword", "diamond_pickaxe", "cracked_polished_blackstone_bricks", "lily_of_the_valley", "stone_hoe", "iron_bars", "purpur_pillar", "soul_soil", "polished_blackstone_brick_stairs", "shulker_shell", "black_wool", "leather_helmet", "spider_eye", "dragon_egg", "lava_bucket", "dark_oak_stairs", "nether_wart_block", "stripped_oak_log", "saddle", "shears", "golden_hoe", "cooked_cod", "spruce_trapdoor", "cracked_stone_bricks", "cornflower", "elytra", "purpur_block", "coarse_dirt", "lever", "warped_wart_block", "leather_chestplate", "snowball", "blackstone_wall", "orange_bed", "golden_axe", "oak_fence", "enchanted_golden_apple", "azalea", "brewing_stand", "stone_brick_stairs", "potion"], "killedMobsRanked": ["sheep", "pig", "cow", "blaze", "magma_cube", "zombie", "salmon", "skeleton", "wither_skeleton", "drowned", "enderman", "pillager", "silverfish", "chicken", "trader_llama", "piglin", "spider", "wandering_trader", "creeper", "shulker"], "brokenBlocksTotal": 7160, "usedItemsTotal": 13856, "killedByTotal": 35, "craftedItemsTotal": 7457, "pickedUpItemsTotal": 10329, "killedMobsTotal": 300}, "playtimeHoursRanked": ["Vanilla (Vantaa)"], "metresWalkedRanked": ["Vanilla (Vantaa)"], "metresSprintedRanked": ["Vanilla (Vantaa)"], "metresCrouchedRanked": ["Vanilla (Vantaa)"], "metresSwamRanked": ["Vanilla (Vantaa)"], "metresFallenRanked": ["Vanilla (Vantaa)"], "metresByBoatRanked": ["Vanilla (Vantaa)"], "metresByHorseRanked": ["Vanilla (Vantaa)"], "metresByElytraRanked": ["Vanilla (Vantaa)"], "metresWalkedUnderwaterRanked": ["Vanilla (Vantaa)"], "metresFlownRanked": ["Vanilla (Vantaa)"], "jumpsRanked": ["Vanilla (Vantaa)"], "gamesQuitRanked": ["Vanilla (Vantaa)"], "deathsRanked": ["Vanilla (Vantaa)"], "mobsKilledRanked": ["Vanilla (Vantaa)"], "playersKilledRanked": ["Vanilla (Vantaa)"], "deathsByPlayerRanked": ["Vanilla (Vantaa)"], "sneakTimeHoursRanked": ["Vanilla (Vantaa)"]}