{"Vanilla (Vantaa)": {"playtimeHours": 1.9989444444444444, "metresWalked": 5410.75, "metresSprinted": 1693.04, "metresCrouched": 257.42, "metresSwam": 1489.82, "metresFallen": 512.09, "metresByBoat": 0.0, "metresByHorse": 60.67, "metresByElytra": 0.0, "metresWalkedUnderwater": 725.29, "metresFlown": 2604.55, "jumps": 1865, "gamesQuit": 4, "deaths": 5, "mobsKilled": 102, "playersKilled": 0, "deathsByPlayer": 0, "sneakTimeHours": 0.11398611111111112, "brokenBlocks": {"white_bed": 1, "oak_door": 14, "jungle_leaves": 1, "dandelion": 1, "crafting_table": 13, "cornflower": 1, "granite": 1, "grass_block": 16, "poppy": 1, "warped_roots": 2, "chest": 2, "tall_grass": 9, "copper_ore": 3, "cobblestone": 5, "lapis_ore": 2, "sugar_cane": 11, "oxeye_daisy": 1, "diorite": 11, "wall_torch": 1, "warped_wart_block": 1, "hay_block": 26, "tall_seagrass": 1, "magma_block": 7, "furnace": 3, "nether_sprouts": 1, "iron_ore": 32, "birch_leaves": 1, "andesite": 1, "warped_fungus": 3, "grass": 44, "coal_ore": 43, "oak_log": 47, "dirt": 22, "bamboo": 1, "stone": 112, "netherrack": 8, "gold_ore": 3, "oak_leaves": 47, "fern": 1}, "usedItems": {"diorite": 10, "stone_pickaxe": 150, "chest": 1, "wooden_pickaxe": 12, "cooked_chicken": 1, "rotten_flesh": 3, "netherrack": 5, "warped_roots": 2, "oak_door": 17, "salmon": 2, "torch": 6, "warped_wart_block": 1, "dirt": 23, "mutton": 7, "crafting_table": 13, "white_bed": 2, "granite": 1, "apple": 2, "bread": 7, "iron_axe": 17, "iron_pickaxe": 69, "stone_axe": 184, "cobblestone": 46, "beef": 11, "warped_fungus": 3, "furnace": 3, "porkchop": 4, "bucket": 1, "andesite": 1, "seagrass": 3, "dandelion": 1, "experience_bottle": 2}, "killedBy": {"creeper": 1, "enderman": 1, "drowned": 1}, "craftedItems": {"oak_door": 3, "oak_planks": 76, "crafting_table": 3, "cooked_chicken": 1, "wooden_pickaxe": 3, "iron_sword": 1, "furnace": 1, "bucket": 1, "stone_axe": 4, "bread": 57, "air": 0, "iron_chestplate": 1, "iron_axe": 1, "stick": 40, "iron_ingot": 26, "iron_pickaxe": 1, "stone_pickaxe": 3, "white_bed": 2, "torch": 32, "wheat": 171}, "pickedUpItems": {"seagrass": 3, "magma_block": 7, "crafting_table": 13, "feather": 1, "chicken": 1, "andesite": 1, "salmon": 2, "leather": 44, "brown_wool": 1, "oak_log": 47, "cornflower": 1, "lapis_lazuli": 12, "dirt": 38, "raw_copper": 14, "bone": 5, "apple": 2, "wheat_seeds": 6, "raw_gold": 3, "stone_pickaxe": 1, "beef": 109, "poppy": 1, "bamboo": 12, "sugar_cane": 30, "chest": 2, "oak_planks": 6, "furnace": 3, "raw_iron": 26, "warped_fungus": 3, "oak_door": 16, "copper_ingot": 1, "torch": 31, "warped_wart_block": 1, "dandelion": 1, "porkchop": 36, "diorite": 16, "white_bed": 1, "spider_eye": 1, "arrow": 5, "rotten_flesh": 9, "hay_block": 26, "granite": 1, "warped_roots": 2, "oak_sapling": 7, "netherrack": 8, "mutton": 20, "coal": 89, "white_wool": 12, "cobblestone": 168, "oxeye_daisy": 1}, "killedMobs": {"pig": 18, "salmon": 2, "sheep": 13, "skeleton": 2, "zombie": 6, "chicken": 1, "drowned": 3, "turtle": 4, "cow": 51}, "brokenBlocksRanked": ["stone", "oak_leaves", "oak_log", "grass", "coal_ore", "iron_ore", "hay_block", "dirt", "grass_block", "oak_door", "crafting_table", "diorite", "sugar_cane", "tall_grass", "netherrack", "magma_block", "cobblestone", "gold_ore", "warped_fungus", "furnace", "copper_ore", "lapis_ore", "chest", "warped_roots", "fern", "bamboo", "andesite", "birch_leaves", "nether_sprouts", "tall_seagrass", "warped_wart_block", "wall_torch", "oxeye_daisy", "poppy", "granite", "cornflower", "dandelion", "jungle_leaves", "white_bed"], "usedItemsRanked": ["stone_axe", "stone_pickaxe", "iron_pickaxe", "cobblestone", "dirt", "iron_axe", "oak_door", "crafting_table", "wooden_pickaxe", "beef", "diorite", "bread", "mutton", "torch", "netherrack", "porkchop", "seagrass", "furnace", "warped_fungus", "rotten_flesh", "experience_bottle", "apple", "white_bed", "salmon", "warped_roots", "dandelion", "andesite", "bucket", "granite", "warped_wart_block", "cooked_chicken", "chest"], "killedByRanked": ["drowned", "enderman", "creeper"], "craftedItemsRanked": ["wheat", "oak_planks", "bread", "stick", "torch", "iron_ingot", "stone_axe", "stone_pickaxe", "wooden_pickaxe", "crafting_table", "oak_door", "white_bed", "iron_pickaxe", "iron_axe", "iron_chestplate", "bucket", "furnace", "iron_sword", "cooked_chicken", "air"], "pickedUpItemsRanked": ["cobblestone", "beef", "coal", "oak_log", "leather", "dirt", "porkchop", "torch", "sugar_cane", "hay_block", "raw_iron", "mutton", "diorite", "oak_door", "raw_copper", "crafting_table", "white_wool", "bamboo", "lapis_lazuli", "rotten_flesh", "netherrack", "oak_sapling", "magma_block", "oak_planks", "wheat_seeds", "arrow", "bone", "warped_fungus", "furnace", "raw_gold", "seagrass", "warped_roots", "chest", "apple", "salmon", "oxeye_daisy", "granite", "spider_eye", "white_bed", "dandelion", "warped_wart_block", "copper_ingot", "poppy", "stone_pickaxe", "cornflower", "brown_wool", "andesite", "chicken", "feather"], "killedMobsRanked": ["cow", "pig", "sheep", "zombie", "turtle", "drowned", "skeleton", "salmon", "chicken"], "brokenBlocksTotal": 500, "usedItemsTotal": 610, "killedByTotal": 3, "craftedItemsTotal": 427, "pickedUpItemsTotal": 846, "killedMobsTotal": 100}, "combined": {"playtimeHours": 1.9989444444444444, "metresWalked": 5410.75, "metresSprinted": 1693.04, "metresCrouched": 257.42, "metresSwam": 1489.82, "metresFallen": 512.09, "metresByBoat": 0.0, "metresByHorse": 60.67, "metresByElytra": 0.0, "metresWalkedUnderwater": 725.29, "metresFlown": 2604.55, "jumps": 1865, "gamesQuit": 4, "deaths": 5, "mobsKilled": 102, "playersKilled": 0, "deathsByPlayer": 0, "sneakTimeHours": 0.11398611111111112, "brokenBlocks": {"white_bed": 1, "oak_door": 14, "jungle_leaves": 1, "dandelion": 1, "crafting_table": 13, "cornflower": 1, "granite": 1, "grass_block": 16, "poppy": 1, "warped_roots": 2, "chest": 2, "tall_grass": 9, "copper_ore": 3, "cobblestone": 5, "lapis_ore": 2, "sugar_cane": 11, "oxeye_daisy": 1, "diorite": 11, "wall_torch": 1, "warped_wart_block": 1, "hay_block": 26, "tall_seagrass": 1, "magma_block": 7, "furnace": 3, "nether_sprouts": 1, "iron_ore": 32, "birch_leaves": 1, "andesite": 1, "warped_fungus": 3, "grass": 44, "coal_ore": 43, "oak_log": 47, "dirt": 22, "bamboo": 1, "stone": 112, "netherrack": 8, "gold_ore": 3, "oak_leaves": 47, "fern": 1}, "usedItems": {"diorite": 10, "stone_pickaxe": 150, "chest": 1, "wooden_pickaxe": 12, "cooked_chicken": 1, "rotten_flesh": 3, "netherrack": 5, "warped_roots": 2, "oak_door": 17, "salmon": 2, "torch": 6, "warped_wart_block": 1, "dirt": 23, "mutton": 7, "crafting_table": 13, "white_bed": 2, "granite": 1, "apple": 2, "bread": 7, "iron_axe": 17, "iron_pickaxe": 69, "stone_axe": 184, "cobblestone": 46, "beef": 11, "warped_fungus": 3, "furnace": 3, "porkchop": 4, "bucket": 1, "andesite": 1, "seagrass": 3, "dandelion": 1, "experience_bottle": 2}, "killedBy": {"creeper": 1, "enderman": 1, "drowned": 1}, "craftedItems": {"oak_door": 3, "oak_planks": 76, "crafting_table": 3, "cooked_chicken": 1, "wooden_pickaxe": 3, "iron_sword": 1, "furnace": 1, "bucket": 1, "stone_axe": 4, "bread": 57, "air": 0, "iron_chestplate": 1, "iron_axe": 1, "stick": 40, "iron_ingot": 26, "iron_pickaxe": 1, "stone_pickaxe": 3, "white_bed": 2, "torch": 32, "wheat": 171}, "pickedUpItems": {"seagrass": 3, "magma_block": 7, "crafting_table": 13, "feather": 1, "chicken": 1, "andesite": 1, "salmon": 2, "leather": 44, "brown_wool": 1, "oak_log": 47, "cornflower": 1, "lapis_lazuli": 12, "dirt": 38, "raw_copper": 14, "bone": 5, "apple": 2, "wheat_seeds": 6, "raw_gold": 3, "stone_pickaxe": 1, "beef": 109, "poppy": 1, "bamboo": 12, "sugar_cane": 30, "chest": 2, "oak_planks": 6, "furnace": 3, "raw_iron": 26, "warped_fungus": 3, "oak_door": 16, "copper_ingot": 1, "torch": 31, "warped_wart_block": 1, "dandelion": 1, "porkchop": 36, "diorite": 16, "white_bed": 1, "spider_eye": 1, "arrow": 5, "rotten_flesh": 9, "hay_block": 26, "granite": 1, "warped_roots": 2, "oak_sapling": 7, "netherrack": 8, "mutton": 20, "coal": 89, "white_wool": 12, "cobblestone": 168, "oxeye_daisy": 1}, "killedMobs": {"pig": 18, "salmon": 2, "sheep": 13, "skeleton": 2, "zombie": 6, "chicken": 1, "drowned": 3, "turtle": 4, "cow": 51}, "brokenBlocksRanked": ["stone", "oak_leaves", "oak_log", "grass", "coal_ore", "iron_ore", "hay_block", "dirt", "grass_block", "oak_door", "crafting_table", "diorite", "sugar_cane", "tall_grass", "netherrack", "magma_block", "cobblestone", "gold_ore", "warped_fungus", "furnace", "copper_ore", "lapis_ore", "chest", "warped_roots", "fern", "bamboo", "andesite", "birch_leaves", "nether_sprouts", "tall_seagrass", "warped_wart_block", "wall_torch", "oxeye_daisy", "poppy", "granite", "cornflower", "dandelion", "jungle_leaves", "white_bed"], "usedItemsRanked": ["stone_axe", "stone_pickaxe", "iron_pickaxe", "cobblestone", "dirt", "iron_axe", "oak_door", "crafting_table", "wooden_pickaxe", "beef", "diorite", "bread", "mutton", "torch", "netherrack", "porkchop", "seagrass", "furnace", "warped_fungus", "rotten_flesh", "experience_bottle", "apple", "white_bed", "salmon", "warped_roots", "dandelion", "andesite", "bucket", "granite", "warped_wart_block", "cooked_chicken", "chest"], "killedByRanked": ["drowned", "enderman", "creeper"], "craftedItemsRanked": ["wheat", "oak_planks", "bread", "stick", "torch", "iron_ingot", "stone_axe", "stone_pickaxe", "wooden_pickaxe", "crafting_table", "oak_door", "white_bed", "iron_pickaxe", "iron_axe", "iron_chestplate", "bucket", "furnace", "iron_sword", "cooked_chicken", "air"], "pickedUpItemsRanked": ["cobblestone", "beef", "coal", "oak_log", "leather", "dirt", "porkchop", "torch", "sugar_cane", "hay_block", "raw_iron", "mutton", "diorite", "oak_door", "raw_copper", "crafting_table", "white_wool", "bamboo", "lapis_lazuli", "rotten_flesh", "netherrack", "oak_sapling", "magma_block", "oak_planks", "wheat_seeds", "arrow", "bone", "warped_fungus", "furnace", "raw_gold", "seagrass", "warped_roots", "chest", "apple", "salmon", "oxeye_daisy", "granite", "spider_eye", "white_bed", "dandelion", "warped_wart_block", "copper_ingot", "poppy", "stone_pickaxe", "cornflower", "brown_wool", "andesite", "chicken", "feather"], "killedMobsRanked": ["cow", "pig", "sheep", "zombie", "turtle", "drowned", "skeleton", "salmon", "chicken"], "brokenBlocksTotal": 500, "usedItemsTotal": 610, "killedByTotal": 3, "craftedItemsTotal": 427, "pickedUpItemsTotal": 846, "killedMobsTotal": 100}, "playtimeHoursRanked": ["Vanilla (Vantaa)"], "metresWalkedRanked": ["Vanilla (Vantaa)"], "metresSprintedRanked": ["Vanilla (Vantaa)"], "metresCrouchedRanked": ["Vanilla (Vantaa)"], "metresSwamRanked": ["Vanilla (Vantaa)"], "metresFallenRanked": ["Vanilla (Vantaa)"], "metresByBoatRanked": ["Vanilla (Vantaa)"], "metresByHorseRanked": ["Vanilla (Vantaa)"], "metresByElytraRanked": ["Vanilla (Vantaa)"], "metresWalkedUnderwaterRanked": ["Vanilla (Vantaa)"], "metresFlownRanked": ["Vanilla (Vantaa)"], "jumpsRanked": ["Vanilla (Vantaa)"], "gamesQuitRanked": ["Vanilla (Vantaa)"], "deathsRanked": ["Vanilla (Vantaa)"], "mobsKilledRanked": ["Vanilla (Vantaa)"], "playersKilledRanked": ["Vanilla (Vantaa)"], "deathsByPlayerRanked": ["Vanilla (Vantaa)"], "sneakTimeHoursRanked": ["Vanilla (Vantaa)"]}