{"Vanilla (Vantaa)": {"playtimeHours": 0.10359722222222222, "metresWalked": 99.1, "metresSprinted": 186.21, "metresCrouched": 2.2, "metresSwam": 11.77, "metresFallen": 57.93, "metresByBoat": 0.0, "metresByHorse": 0.0, "metresByElytra": 0.0, "metresWalkedUnderwater": 2.71, "metresFlown": 368.62, "jumps": 153, "gamesQuit": 1, "deaths": 0, "mobsKilled": 0, "playersKilled": 0, "deathsByPlayer": 0, "sneakTimeHours": 0.0016805555555555556, "brokenBlocks": {"crafting_table": 2, "grass": 7, "grass_block": 2, "oak_log": 8, "melon": 3, "cocoa": 2, "vine": 1, "jungle_log": 15, "dirt": 1, "bamboo": 2, "stone": 16, "oak_leaves": 1, "fern": 3}, "usedItems": {"stone_shovel": 4, "wooden_pickaxe": 16, "stone_axe": 21, "crafting_table": 2}, "killedBy": {}, "craftedItems": {"oak_planks": 32, "stone_shovel": 1, "crafting_table": 1, "stick": 8, "wooden_pickaxe": 1, "stone_pickaxe": 1, "stone_axe": 1}, "pickedUpItems": {"cocoa_beans": 4, "crafting_table": 2, "jungle_log": 15, "oak_log": 8, "dirt": 3, "wheat_seeds": 1, "bamboo": 11, "melon_slice": 16, "cobblestone": 16}, "killedMobs": {}, "brokenBlocksRanked": ["stone", "jungle_log", "oak_log", "grass", "fern", "melon", "bamboo", "cocoa", "grass_block", "crafting_table", "oak_leaves", "dirt", "vine"], "usedItemsRanked": ["stone_axe", "wooden_pickaxe", "stone_shovel", "crafting_table"], "killedByRanked": [], "craftedItemsRanked": ["oak_planks", "stick", "stone_axe", "stone_pickaxe", "wooden_pickaxe", "crafting_table", "stone_shovel"], "pickedUpItemsRanked": ["cobblestone", "melon_slice", "jungle_log", "bamboo", "oak_log", "cocoa_beans", "dirt", "crafting_table", "wheat_seeds"], "killedMobsRanked": [], "brokenBlocksTotal": 63, "usedItemsTotal": 43, "killedByTotal": 0, "craftedItemsTotal": 45, "pickedUpItemsTotal": 76, "killedMobsTotal": 0}, "combined": {"playtimeHours": 0.47273611111111113, "metresWalked": 525.16, "metresSprinted": 538.44, "metresCrouched": 22.37, "metresSwam": 11.77, "metresFallen": 104.83, "metresByBoat": 0.0, "metresByHorse": 0.0, "metresByElytra": 0.0, "metresWalkedUnderwater": 2.71, "metresFlown": 987.3, "jumps": 471, "gamesQuit": 3, "deaths": 0, "mobsKilled": 0, "playersKilled": 0, "deathsByPlayer": 0, "sneakTimeHours": 0.00961111111111111, "brokenBlocks": {"crafting_table": 2, "grass": 7, "grass_block": 2, "oak_log": 8, "melon": 3, "cocoa": 2, "vine": 1, "jungle_log": 15, "dirt": 1, "bamboo": 2, "stone": 218, "oak_leaves": 1, "fern": 3, "spruce_planks": 2, "birch_log": 49, "birch_leaves": 3, "tnt": 1, "gravel": 1, "dirtier_dirt": 2, "stone_bricks": 5}, "usedItems": {"stone_shovel": 4, "wooden_pickaxe": 16, "stone_axe": 75, "crafting_table": 2, "diamond_pickaxe": 19, "iron_shovel": 2, "flint_and_steel": 2, "bread": 4, "stone": 15, "stone_bricks": 5, "torch": 11, "advanced_jackhammer": 38, "dirtier_dirt": 3, "tnt": 11}, "killedBy": {}, "craftedItems": {"oak_planks": 32, "stone_shovel": 1, "crafting_table": 1, "stick": 8, "wooden_pickaxe": 1, "stone_pickaxe": 1, "stone_axe": 1}, "pickedUpItems": {"cocoa_beans": 4, "crafting_table": 2, "jungle_log": 15, "oak_log": 8, "dirt": 3, "wheat_seeds": 1, "bamboo": 11, "melon_slice": 16, "cobblestone": 216, "birch_log": 49, "stick": 1, "torch": 2, "gravel": 1, "dirtier_dirt": 4, "advanced_jackhammer": 1, "tnt": 14, "stone_bricks": 5, "spruce_planks": 2, "birch_sapling": 4, "biometric_card": 1}, "killedMobs": {}, "brokenBlocksRanked": ["stone", "birch_log", "jungle_log", "oak_log", "grass", "stone_bricks", "birch_leaves", "fern", "melon", "dirtier_dirt", "spruce_planks", "bamboo", "cocoa", "grass_block", "crafting_table", "gravel", "tnt", "oak_leaves", "dirt", "vine"], "usedItemsRanked": ["stone_axe", "advanced_jackhammer", "diamond_pickaxe", "wooden_pickaxe", "stone", "tnt", "torch", "stone_bricks", "bread", "stone_shovel", "dirtier_dirt", "flint_and_steel", "iron_shovel", "crafting_table"], "killedByRanked": [], "craftedItemsRanked": ["oak_planks", "stick", "stone_axe", "stone_pickaxe", "wooden_pickaxe", "crafting_table", "stone_shovel"], "pickedUpItemsRanked": ["cobblestone", "birch_log", "melon_slice", "jungle_log", "tnt", "bamboo", "oak_log", "stone_bricks", "birch_sapling", "dirtier_dirt", "cocoa_beans", "dirt", "spruce_planks", "torch", "crafting_table", "biometric_card", "advanced_jackhammer", "gravel", "stick", "wheat_seeds"], "killedMobsRanked": [], "brokenBlocksTotal": 328, "usedItemsTotal": 207, "killedByTotal": 0, "craftedItemsTotal": 45, "pickedUpItemsTotal": 360, "killedMobsTotal": 0}, "SSaS": {"playtimeHours": 0.3691388888888889, "metresWalked": 426.06, "metresSprinted": 352.23, "metresCrouched": 20.17, "metresSwam": 0.0, "metresFallen": 46.9, "metresByBoat": 0.0, "metresByHorse": 0.0, "metresByElytra": 0.0, "metresWalkedUnderwater": 0.0, "metresFlown": 618.68, "jumps": 318, "gamesQuit": 2, "deaths": 0, "mobsKilled": 0, "playersKilled": 0, "deathsByPlayer": 0, "sneakTimeHours": 0.007930555555555555, "brokenBlocks": {"spruce_planks": 2, "birch_log": 49, "birch_leaves": 3, "tnt": 1, "gravel": 1, "dirtier_dirt": 2, "stone_bricks": 5, "stone": 202}, "usedItems": {"diamond_pickaxe": 19, "iron_shovel": 2, "flint_and_steel": 2, "bread": 4, "stone": 15, "stone_bricks": 5, "stone_axe": 54, "torch": 11, "advanced_jackhammer": 38, "dirtier_dirt": 3, "tnt": 11}, "killedBy": {}, "craftedItems": {}, "pickedUpItems": {"birch_log": 49, "stick": 1, "torch": 2, "gravel": 1, "dirtier_dirt": 4, "advanced_jackhammer": 1, "tnt": 14, "stone_bricks": 5, "spruce_planks": 2, "birch_sapling": 4, "biometric_card": 1, "cobblestone": 200}, "killedMobs": {}, "brokenBlocksRanked": ["stone", "birch_log", "stone_bricks", "birch_leaves", "dirtier_dirt", "spruce_planks", "gravel", "tnt"], "usedItemsRanked": ["stone_axe", "advanced_jackhammer", "diamond_pickaxe", "stone", "tnt", "torch", "stone_bricks", "bread", "dirtier_dirt", "flint_and_steel", "iron_shovel"], "killedByRanked": [], "craftedItemsRanked": [], "pickedUpItemsRanked": ["cobblestone", "birch_log", "tnt", "stone_bricks", "birch_sapling", "dirtier_dirt", "spruce_planks", "torch", "biometric_card", "advanced_jackhammer", "gravel", "stick"], "killedMobsRanked": [], "brokenBlocksTotal": 265, "usedItemsTotal": 164, "killedByTotal": 0, "craftedItemsTotal": 0, "pickedUpItemsTotal": 284, "killedMobsTotal": 0}, "playtimeHoursRanked": ["SSaS", "Vanilla (Vantaa)"], "metresWalkedRanked": ["SSaS", "Vanilla (Vantaa)"], "metresSprintedRanked": ["SSaS", "Vanilla (Vantaa)"], "metresCrouchedRanked": ["SSaS", "Vanilla (Vantaa)"], "metresSwamRanked": ["Vanilla (Vantaa)", "SSaS"], "metresFallenRanked": ["Vanilla (Vantaa)", "SSaS"], "metresByBoatRanked": ["SSaS", "Vanilla (Vantaa)"], "metresByHorseRanked": ["SSaS", "Vanilla (Vantaa)"], "metresByElytraRanked": ["SSaS", "Vanilla (Vantaa)"], "metresWalkedUnderwaterRanked": ["Vanilla (Vantaa)", "SSaS"], "metresFlownRanked": ["SSaS", "Vanilla (Vantaa)"], "jumpsRanked": ["SSaS", "Vanilla (Vantaa)"], "gamesQuitRanked": ["SSaS", "Vanilla (Vantaa)"], "deathsRanked": ["SSaS", "Vanilla (Vantaa)"], "mobsKilledRanked": ["SSaS", "Vanilla (Vantaa)"], "playersKilledRanked": ["SSaS", "Vanilla (Vantaa)"], "deathsByPlayerRanked": ["SSaS", "Vanilla (Vantaa)"], "sneakTimeHoursRanked": ["SSaS", "Vanilla (Vantaa)"]}