{"Vanilla (Vantaa)": {"playtimeHours": 0.5984722222222222, "metresWalked": 559.53, "metresSprinted": 1781.86, "metresCrouched": 0.98, "metresSwam": 313.46, "metresFallen": 476.9, "metresByBoat": 877.75, "metresByHorse": 11.87, "metresByElytra": 0.0, "metresWalkedUnderwater": 35.02, "metresFlown": 4627.97, "jumps": 1633, "gamesQuit": 4, "deaths": 4, "mobsKilled": 14, "playersKilled": 1, "deathsByPlayer": 3, "sneakTimeHours": 0.0011527777777777777, "brokenBlocks": {"spruce_stairs": 1, "wheat": 26, "azure_bluet": 1, "crafting_table": 4, "grass": 263, "acacia_log": 6, "grass_block": 2, "sand": 5, "tall_grass": 12, "oak_leaves": 3, "fern": 1, "hay_block": 53}, "usedItems": {"acacia_boat": 1, "wooden_axe": 41, "chicken": 1, "bread": 15, "spruce_planks": 1, "sand": 1, "mutton": 10, "crafting_table": 4, "wooden_hoe": 80, "acacia_planks": 8, "azure_bluet": 1}, "killedBy": {"player": 3}, "craftedItems": {"wooden_hoe": 1, "crafting_table": 1, "stick": 4, "wooden_axe": 1, "acacia_planks": 24, "bread": 166, "wheat": 477, "acacia_boat": 1}, "pickedUpItems": {"wooden_axe": 1, "azure_bluet": 1, "stick": 4, "crafting_table": 4, "sandstone": 3, "feather": 8, "chicken": 7, "dandelion": 2, "acacia_log": 6, "spruce_stairs": 1, "sand": 6, "dirt": 2, "acacia_planks": 23, "wheat_seeds": 87, "spruce_planks": 1, "hay_block": 53, "bread": 1, "wheat": 22, "mutton": 10, "white_wool": 7}, "killedMobs": {"sheep": 7, "chicken": 7}, "brokenBlocksRanked": ["grass", "hay_block", "wheat", "tall_grass", "acacia_log", "sand", "crafting_table", "oak_leaves", "grass_block", "fern", "azure_bluet", "spruce_stairs"], "usedItemsRanked": ["wooden_hoe", "wooden_axe", "bread", "mutton", "acacia_planks", "crafting_table", "azure_bluet", "sand", "spruce_planks", "chicken", "acacia_boat"], "killedByRanked": ["player"], "craftedItemsRanked": ["wheat", "bread", "acacia_planks", "stick", "acacia_boat", "wooden_axe", "crafting_table", "wooden_hoe"], "pickedUpItemsRanked": ["wheat_seeds", "hay_block", "acacia_planks", "wheat", "mutton", "feather", "white_wool", "chicken", "sand", "acacia_log", "crafting_table", "stick", "sandstone", "dirt", "dandelion", "bread", "spruce_planks", "spruce_stairs", "azure_bluet", "wooden_axe"], "killedMobsRanked": ["chicken", "sheep"], "brokenBlocksTotal": 377, "usedItemsTotal": 163, "killedByTotal": 3, "craftedItemsTotal": 675, "pickedUpItemsTotal": 249, "killedMobsTotal": 14}, "combined": {"playtimeHours": 9.599083333333335, "metresWalked": 12907.880000000001, "metresSprinted": 14233.470000000001, "metresCrouched": 686.44, "metresSwam": 1486.49, "metresFallen": 2301.81, "metresByBoat": 23541.23, "metresByHorse": 8985.660000000002, "metresByElytra": 0.0, "metresWalkedUnderwater": 667.64, "metresFlown": 21041.100000000002, "jumps": 9635, "gamesQuit": 70, "deaths": 27, "mobsKilled": 61, "playersKilled": 17, "deathsByPlayer": 13, "sneakTimeHours": 0.2871388888888889, "brokenBlocks": {"spruce_stairs": 59, "wheat": 28, "azure_bluet": 1, "crafting_table": 8, "grass": 294, "acacia_log": 6, "grass_block": 29, "sand": 7, "tall_grass": 23, "oak_leaves": 28, "fern": 1, "hay_block": 53, "spruce_planks": 116, "farmland": 1, "andesite_casing": 4, "obsidian": 72, "granite": 6, "cincinnasite_ore": 7, "tall_seagrass": 1, "magma_block": 4, "red_oak_leaves": 10, "fire": 1, "anvil": 1, "dirt_path": 1, "oak_stairs": 1, "uraninite_ore_poor": 4, "walnut_log": 2, "iron_block": 1, "mechanical_press": 5, "spruce_slab": 67, "tripwire": 4, "tall_prairie_grass": 6, "ceiling_mushrooms": 2, "dacite": 26, "radial_chassis": 6, "cogwheel": 1, "clay": 1, "torch": 8, "nether_quartz_ore": 101, "cobblestone": 45, "oak_planks": 43, "wall_torch": 3, "spruce_sign": 1, "soapstone": 9, "silver_ore": 5, "obsidian_glass": 1, "neon_equisetum": 1, "stone_brick_stairs": 1, "oak_log": 15, "galena_ore": 2, "dirt": 11, "crimson_planks": 4, "netherrack": 2009, "emerald_block": 13, "zinc_ore": 21, "nether_gold_ore": 10, "coconut_planks": 36, "water_silk": 1, "holly_log": 1, "purple_terracotta": 2, "spruce_fence": 6, "large_cogwheel": 4, "jungle_planks": 11, "aspen_log": 1, "coconut_log": 51, "spruce_leaves": 7, "richea": 1, "lead_ore": 1, "white_sail": 55, "andesite": 74, "wall_mushroom_brown": 1, "stripped_spruce_log": 22, "windmill_bearing": 4, "big_dripleaf_stem": 1, "mossy_stone_brick_stairs": 1, "nether_lapis_ore": 7, "dirtier_dirt": 1, "stone": 478, "oak_slab": 1, "glass_pane": 2, "coconut_slab": 24, "obsidian_glass_pane": 36, "stripped_dark_oak_log": 5, "basalt": 5, "track": 13, "grave": 3, "walnut_leaves": 3, "copper_ore": 4, "overgrown_dacite": 1, "diorite": 10, "tin_ore": 15, "cinnabar_ore": 1, "ruby_ore": 1, "spruce_log": 38, "red_wall_banner": 1, "mechanical_bearing": 1, "gravel": 21, "cobweb": 3, "cracked_stone_bricks": 2, "stone_bricks": 23, "polished_andesite": 1, "mossy_stone_bricks": 2, "oak_sapling": 2, "oak_door": 2, "cobbled_deepslate_slab": 1, "kelp": 2, "cobbled_deepslate": 15, "potatoes": 1, "cobblestone_slab": 10, "hand_crank": 2, "oak_button": 1, "limestone": 2}, "usedItems": {"acacia_boat": 1, "wooden_axe": 41, "chicken": 1, "bread": 163, "spruce_planks": 118, "sand": 4, "mutton": 10, "crafting_table": 10, "wooden_hoe": 80, "acacia_planks": 8, "azure_bluet": 1, "spruce_slab": 116, "chest": 1, "shield": 3, "stone": 3, "coconut_planks": 132, "mechanical_bearing": 2, "iron_chestplate": 1, "white_sail": 113, "cogwheel": 8, "stripped_spruce_log": 16, "obsidian": 47, "big_dripleaf": 2, "spruce_boat": 13, "stone_bricks": 15, "stone_brick_stairs": 1, "bow_call_of_the_void": 41, "skeleton_skull": 4, "egg": 2, "obsidian_glass_pane": 36, "mossy_stone_bricks": 2, "diorite": 10, "oak_planks": 47, "mossy_stone_brick_stairs": 1, "nether_ruby_axe": 621, "white_wool": 6, "dirtier_dirt": 1, "dark_oak_log": 9, "string": 4, "gravel": 10, "spruce_brigg": 1, "andesite": 67, "oak_boat": 7, "grave": 4, "large_cogwheel": 12, "cobweb": 3, "experience_bottle": 10, "diamond_knife": 31, "flint_and_steel": 47, "pick_diamond_pickaxe_var": 5, "nether_ruby_hoe": 27, "ender_chest": 1, "stone_hoe": 1, "netherrack": 12, "oak_door": 4, "torch": 48, "dirt": 45, "anvil": 1, "nether_ruby_shovel": 43, "spruce_stairs": 78, "spruce_fence": 4, "coconut_door": 4, "coconut_slab": 131, "iron_block": 1, "oak_stairs": 1, "radial_chassis": 7, "emerald_block": 13, "mossy_stone_brick_wall": 1, "iron_leggings": 2, "wheat_seeds": 8, "water_bucket": 3, "dark_oak_cog": 1, "coconut_fence": 1, "spruce_sign": 4, "oak_slab": 109, "bomb": 24, "oak_brigg": 1, "spruce_log": 13, "oak_log": 1, "track": 20, "diamond_pickaxe": 8, "mechanical_press": 6, "windmill_bearing": 5, "map": 1, "nether_ruby_sword": 74, "cobblestone": 134, "nether_ruby_pickaxe": 2980, "bucket": 4, "glass_pane": 60, "stone_sword": 11, "stone_pickaxe": 88, "crimsite": 7, "cobblestone_slab": 29, "encased_fan": 1, "granite": 6, "grass_block": 1, "oak_button": 2, "millstone": 1, "stone_axe": 18, "cobbled_deepslate_slab": 60, "oak_sapling": 3, "hand_crank": 4, "kelp": 2, "potato": 3, "cobbled_deepslate": 6}, "killedBy": {"player": 13, "zombie_villager": 1, "pillager": 1, "skeleton": 1, "zombie": 1}, "craftedItems": {"wooden_hoe": 1, "crafting_table": 3, "stick": 81, "wooden_axe": 1, "acacia_planks": 24, "bread": 358, "wheat": 1052, "acacia_boat": 1, "oak_planks": 208, "walnut_planks": 8, "rope": 6, "mechanical_bearing": 1, "radial_chassis": 3, "glass": 35, "iron_boots": 1, "mechanical_press": 1, "chest": 1, "cogwheel": 5, "oak_slab": 138, "spruce_planks": 224, "iron_helmet": 1, "zinc_nugget": 138, "gold_block": 5, "iron_chestplate": 1, "emerald_block": 3, "iron_ingot": 36, "iron_block": 9, "large_cogwheel": 6, "oak_door": 6, "coconut_planks": 200, "white_sail": 58, "glass_pane": 80, "spruce_stairs": 40, "bomb": 12, "spruce_slab": 84, "coconut_slab": 300, "spruce_boat": 1, "dark_oak_planks": 8, "lead": 1, "windmill_bearing": 1, "andesite_alloy": 71, "diamond_sword": 1, "bucket": 1, "air": 0, "refined_iron_ingot": 9, "oak_boat": 2, "oak_stairs": 12, "coconut_fence": 3, "iron_leggings": 3, "anvil": 1, "shaft": 16, "diamond_knife": 1, "torch": 32, "cobbled_deepslate_slab": 12, "cobblestone_slab": 24, "stone_axe": 1, "stone_sword": 1, "oak_button": 1}, "pickedUpItems": {"wooden_axe": 1, "azure_bluet": 1, "stick": 68, "crafting_table": 8, "sandstone": 3, "feather": 8, "chicken": 7, "dandelion": 3, "acacia_log": 6, "spruce_stairs": 65, "sand": 8, "dirt": 63, "acacia_planks": 23, "wheat_seeds": 116, "spruce_planks": 117, "hay_block": 181, "bread": 28, "wheat": 31, "mutton": 22, "white_wool": 21, "iron_chestplate": 5, "anvil": 1, "lead": 20, "oak_stairs": 1, "potion": 2, "stone_brick_stairs": 3, "refined_iron_ingot": 8, "string": 10, "raw_copper": 2, "iron_leggings": 4, "galena_ore": 2, "diamond_leggings": 1, "gold_nugget": 39, "mechanical_press": 5, "iron_boots": 5, "walnut_log": 2, "big_dripleaf": 2, "torch": 22, "andesite_casing": 4, "porkchop": 5, "diving_boots": 1, "dirtier_dirt": 1, "diorite": 10, "oak_brigg": 1, "lapis_pile": 14, "large_cogwheel": 6, "obsidian_glass_pane": 82, "honey_bottle": 3, "rotten_flesh": 24, "pick_diamond_pickaxe_var": 1, "track": 16, "coconut_log": 50, "rope": 1, "quiver": 1, "obsidian": 68, "cobblestone": 455, "walnut_planks": 8, "leather_chestplate": 1, "cooked_beef": 3, "andesite": 85, "coconut_planks": 38, "tin_ingot": 16, "dark_oak_cog": 2, "flint": 8, "raw_zinc": 14, "map": 1, "name_tag": 4, "mutton_chops": 11, "bone": 40, "spistol": 1, "shaft": 12, "mossy_stone_bricks": 3, "oak_planks": 43, "mossy_stone_brick_stairs": 1, "radial_chassis": 6, "lead_ingot": 1, "nether_ruby_pickaxe": 1, "cogwheel": 3, "jungle_planks": 3, "stripped_spruce_log": 22, "ham": 1, "dark_oak_log": 64, "mossy_cobblestone": 64, "tanned_leather": 1, "diamond": 3, "spruce_boat": 14, "electronic_circuit": 2, "golden_apple": 1, "spruce_sign": 4, "emerald": 3, "bullets": 29, "oak_sapling": 19, "netherrack": 270, "industrial_machine_frame": 2, "white_sail": 56, "diamond_pickaxe": 1, "cocoa_beans": 4, "charcoal": 12, "coarse_dirt": 1, "holly_sapling": 19, "diamond_horse_armor": 1, "raw_silver": 7, "cracked_stone_bricks": 2, "straw": 6, "oak_boat": 5, "cyan_wool": 64, "iron_nugget": 43, "poppy": 1, "spruce_slab": 116, "light_gray_wool": 21, "coconut_slab": 46, "netherrack_stalactite": 1, "golden_knife": 1, "egg": 2, "raw_iron": 6, "coconut_door": 1, "spruce_brigg": 1, "stone": 26, "golden_sheet": 3, "spruce_fence": 4, "ruby_gem": 8, "windmill_bearing": 3, "refined_iron_storage_block": 1, "zinc_ingot": 23, "arrow": 62, "diamond_chestplate": 1, "experience_nugget": 320, "shears": 4, "gold_ingot": 2, "rail": 2, "skeleton_skull": 3, "obsidian_glass": 1, "iron_sheet": 31, "salmon": 22, "leather": 1, "grave": 4, "oak_log": 17, "gunpowder": 13, "dacite_cobblestone": 27, "apple": 5, "stone_bricks": 25, "kelp": 6, "iron_ingot": 132, "mossy_stone_brick_wall": 1, "iron_sword": 1, "book": 12, "uraninite": 4, "oak_slab": 1, "silver_ingot": 8, "mechanical_bearing": 1, "emerald_block": 13, "sweet_berries": 73, "stone_brick_slab": 1, "gravel": 16, "red_banner": 1, "spruce_log": 36, "holly_log": 13, "cincinnasite_ingot": 12, "lime_dye": 6, "zinc_nugget": 15, "iron_helmet": 1, "stripped_dark_oak_log": 5, "coal": 29, "potato": 2, "limestone": 1, "cobbled_deepslate": 12, "cobbled_deepslate_slab": 139, "stone_pickaxe": 5, "cobblestone_slab": 5, "oak_door": 1, "hand_crank": 3, "stone_sword": 1, "encased_fan": 1, "oak_button": 1}, "killedMobs": {"sheep": 10, "chicken": 10, "hills_creeper": 1, "spider": 1, "skeleton": 6, "dark_oak_creeper": 1, "pig": 3, "zombie_villager": 2, "firefly": 1, "creeper": 4, "pillager": 2, "zombie": 13, "drowned": 2, "bear": 1, "spy": 1, "player": 3, "enderman": 2}, "brokenBlocksRanked": ["netherrack", "stone", "grass", "spruce_planks", "nether_quartz_ore", "andesite", "obsidian", "spruce_slab", "spruce_stairs", "white_sail", "hay_block", "coconut_log", "cobblestone", "oak_planks", "spruce_log", "obsidian_glass_pane", "coconut_planks", "grass_block", "oak_leaves", "wheat", "dacite", "coconut_slab", "stone_bricks", "tall_grass", "stripped_spruce_log", "gravel", "zinc_ore", "cobbled_deepslate", "tin_ore", "oak_log", "track", "emerald_block", "jungle_planks", "dirt", "cobblestone_slab", "diorite", "nether_gold_ore", "red_oak_leaves", "soapstone", "torch", "crafting_table", "nether_lapis_ore", "spruce_leaves", "cincinnasite_ore", "sand", "spruce_fence", "radial_chassis", "tall_prairie_grass", "granite", "acacia_log", "basalt", "stripped_dark_oak_log", "silver_ore", "mechanical_press", "copper_ore", "windmill_bearing", "large_cogwheel", "crimson_planks", "tripwire", "uraninite_ore_poor", "magma_block", "andesite_casing", "cobweb", "walnut_leaves", "grave", "wall_torch", "limestone", "hand_crank", "kelp", "oak_door", "oak_sapling", "mossy_stone_bricks", "cracked_stone_bricks", "glass_pane", "purple_terracotta", "galena_ore", "ceiling_mushrooms", "walnut_log", "oak_button", "potatoes", "cobbled_deepslate_slab", "polished_andesite", "mechanical_bearing", "red_wall_banner", "ruby_ore", "cinnabar_ore", "overgrown_dacite", "oak_slab", "dirtier_dirt", "mossy_stone_brick_stairs", "big_dripleaf_stem", "wall_mushroom_brown", "lead_ore", "richea", "aspen_log", "holly_log", "water_silk", "stone_brick_stairs", "neon_equisetum", "obsidian_glass", "spruce_sign", "clay", "cogwheel", "iron_block", "oak_stairs", "dirt_path", "anvil", "fire", "tall_seagrass", "farmland", "fern", "azure_bluet"], "usedItemsRanked": ["nether_ruby_pickaxe", "nether_ruby_axe", "bread", "cobblestone", "coconut_planks", "coconut_slab", "spruce_planks", "spruce_slab", "white_sail", "oak_slab", "stone_pickaxe", "wooden_hoe", "spruce_stairs", "nether_ruby_sword", "andesite", "cobbled_deepslate_slab", "glass_pane", "torch", "flint_and_steel", "oak_planks", "obsidian", "dirt", "nether_ruby_shovel", "bow_call_of_the_void", "wooden_axe", "obsidian_glass_pane", "diamond_knife", "cobblestone_slab", "nether_ruby_hoe", "bomb", "track", "stone_axe", "stripped_spruce_log", "stone_bricks", "spruce_log", "emerald_block", "spruce_boat", "netherrack", "large_cogwheel", "stone_sword", "experience_bottle", "gravel", "diorite", "crafting_table", "mutton", "dark_oak_log", "diamond_pickaxe", "wheat_seeds", "cogwheel", "acacia_planks", "crimsite", "radial_chassis", "oak_boat", "cobbled_deepslate", "granite", "mechanical_press", "white_wool", "windmill_bearing", "pick_diamond_pickaxe_var", "hand_crank", "bucket", "spruce_sign", "coconut_door", "spruce_fence", "oak_door", "grave", "string", "skeleton_skull", "sand", "potato", "oak_sapling", "water_bucket", "cobweb", "stone", "shield", "kelp", "oak_button", "iron_leggings", "mossy_stone_bricks", "egg", "big_dripleaf", "mechanical_bearing", "millstone", "grass_block", "encased_fan", "map", "oak_log", "oak_brigg", "coconut_fence", "dark_oak_cog", "mossy_stone_brick_wall", "oak_stairs", "iron_block", "anvil", "stone_hoe", "ender_chest", "spruce_brigg", "dirtier_dirt", "mossy_stone_brick_stairs", "stone_brick_stairs", "iron_chestplate", "chest", "azure_bluet", "chicken", "acacia_boat"], "killedByRanked": ["player", "zombie", "skeleton", "pillager", "zombie_villager"], "craftedItemsRanked": ["wheat", "bread", "coconut_slab", "spruce_planks", "oak_planks", "coconut_planks", "zinc_nugget", "oak_slab", "spruce_slab", "stick", "glass_pane", "andesite_alloy", "white_sail", "spruce_stairs", "iron_ingot", "glass", "torch", "cobblestone_slab", "acacia_planks", "shaft", "cobbled_deepslate_slab", "oak_stairs", "bomb", "refined_iron_ingot", "iron_block", "dark_oak_planks", "walnut_planks", "oak_door", "large_cogwheel", "rope", "gold_block", "cogwheel", "iron_leggings", "coconut_fence", "emerald_block", "radial_chassis", "crafting_table", "oak_boat", "oak_button", "stone_sword", "stone_axe", "diamond_knife", "anvil", "bucket", "diamond_sword", "windmill_bearing", "lead", "spruce_boat", "iron_chestplate", "iron_helmet", "chest", "mechanical_press", "iron_boots", "mechanical_bearing", "acacia_boat", "wooden_axe", "wooden_hoe", "air"], "pickedUpItemsRanked": ["cobblestone", "experience_nugget", "netherrack", "hay_block", "cobbled_deepslate_slab", "iron_ingot", "spruce_planks", "spruce_slab", "wheat_seeds", "andesite", "obsidian_glass_pane", "sweet_berries", "obsidian", "stick", "spruce_stairs", "cyan_wool", "mossy_cobblestone", "dark_oak_log", "dirt", "arrow", "white_sail", "coconut_log", "coconut_slab", "iron_nugget", "oak_planks", "bone", "gold_nugget", "coconut_planks", "spruce_log", "iron_sheet", "wheat", "coal", "bullets", "bread", "dacite_cobblestone", "stone", "stone_bricks", "rotten_flesh", "zinc_ingot", "acacia_planks", "salmon", "stripped_spruce_log", "torch", "mutton", "light_gray_wool", "white_wool", "lead", "holly_sapling", "oak_sapling", "oak_log", "gravel", "tin_ingot", "track", "zinc_nugget", "spruce_boat", "raw_zinc", "lapis_pile", "holly_log", "emerald_block", "gunpowder", "cobbled_deepslate", "cincinnasite_ingot", "book", "charcoal", "shaft", "mutton_chops", "diorite", "string", "silver_ingot", "ruby_gem", "flint", "walnut_planks", "refined_iron_ingot", "sand", "feather", "crafting_table", "raw_silver", "chicken", "lime_dye", "kelp", "raw_iron", "straw", "radial_chassis", "large_cogwheel", "acacia_log", "cobblestone_slab", "stone_pickaxe", "stripped_dark_oak_log", "apple", "oak_boat", "porkchop", "iron_boots", "mechanical_press", "iron_chestplate", "uraninite", "grave", "shears", "spruce_fence", "cocoa_beans", "spruce_sign", "name_tag", "andesite_casing", "iron_leggings", "hand_crank", "skeleton_skull", "windmill_bearing", "golden_sheet", "emerald", "diamond", "jungle_planks", "cogwheel", "mossy_stone_bricks", "cooked_beef", "honey_bottle", "stone_brick_stairs", "dandelion", "sandstone", "potato", "rail", "gold_ingot", "egg", "cracked_stone_bricks", "industrial_machine_frame", "electronic_circuit", "dark_oak_cog", "big_dripleaf", "walnut_log", "galena_ore", "raw_copper", "potion", "oak_button", "encased_fan", "stone_sword", "oak_door", "limestone", "iron_helmet", "red_banner", "stone_brick_slab", "mechanical_bearing", "oak_slab", "iron_sword", "mossy_stone_brick_wall", "leather", "obsidian_glass", "diamond_chestplate", "refined_iron_storage_block", "spruce_brigg", "coconut_door", "golden_knife", "netherrack_stalactite", "poppy", "diamond_horse_armor", "coarse_dirt", "diamond_pickaxe", "golden_apple", "tanned_leather", "ham", "nether_ruby_pickaxe", "lead_ingot", "mossy_stone_brick_stairs", "spistol", "map", "leather_chestplate", "quiver", "rope", "pick_diamond_pickaxe_var", "oak_brigg", "dirtier_dirt", "diving_boots", "diamond_leggings", "oak_stairs", "anvil", "azure_bluet", "wooden_axe"], "killedMobsRanked": ["zombie", "chicken", "sheep", "skeleton", "creeper", "player", "pig", "enderman", "drowned", "pillager", "zombie_villager", "spy", "bear", "firefly", "dark_oak_creeper", "spider", "hills_creeper"], "brokenBlocksTotal": 4210, "usedItemsTotal": 6014, "killedByTotal": 17, "craftedItemsTotal": 3333, "pickedUpItemsTotal": 4044, "killedMobsTotal": 63}, "SSaS": {"playtimeHours": 8.127402777777778, "metresWalked": 11083.52, "metresSprinted": 11762.16, "metresCrouched": 418.24, "metresSwam": 1156.86, "metresFallen": 1689.24, "metresByBoat": 22663.48, "metresByHorse": 8973.79, "metresByElytra": 0.0, "metresWalkedUnderwater": 386.26, "metresFlown": 15917.32, "jumps": 7441, "gamesQuit": 57, "deaths": 8, "mobsKilled": 47, "playersKilled": 3, "deathsByPlayer": 2, "sneakTimeHours": 0.17344444444444443, "brokenBlocks": {"spruce_planks": 116, "farmland": 1, "andesite_casing": 4, "obsidian": 72, "granite": 6, "grass_block": 25, "cincinnasite_ore": 7, "tall_seagrass": 1, "magma_block": 4, "red_oak_leaves": 10, "fire": 1, "anvil": 1, "dirt_path": 1, "oak_stairs": 1, "uraninite_ore_poor": 4, "walnut_log": 2, "iron_block": 1, "mechanical_press": 5, "spruce_slab": 67, "tripwire": 4, "tall_prairie_grass": 6, "ceiling_mushrooms": 2, "dacite": 26, "radial_chassis": 6, "cogwheel": 1, "clay": 1, "torch": 8, "nether_quartz_ore": 101, "cobblestone": 3, "oak_planks": 41, "wall_torch": 3, "spruce_sign": 1, "soapstone": 9, "silver_ore": 5, "obsidian_glass": 1, "wheat": 2, "neon_equisetum": 1, "stone_brick_stairs": 1, "grass": 31, "oak_log": 8, "galena_ore": 2, "sand": 2, "dirt": 8, "crimson_planks": 4, "netherrack": 2009, "emerald_block": 13, "zinc_ore": 21, "nether_gold_ore": 10, "coconut_planks": 36, "water_silk": 1, "holly_log": 1, "purple_terracotta": 2, "spruce_fence": 6, "large_cogwheel": 4, "jungle_planks": 11, "aspen_log": 1, "coconut_log": 51, "spruce_leaves": 7, "richea": 1, "lead_ore": 1, "white_sail": 55, "andesite": 74, "wall_mushroom_brown": 1, "stripped_spruce_log": 22, "windmill_bearing": 4, "big_dripleaf_stem": 1, "mossy_stone_brick_stairs": 1, "nether_lapis_ore": 7, "dirtier_dirt": 1, "stone": 478, "oak_slab": 1, "glass_pane": 2, "coconut_slab": 24, "obsidian_glass_pane": 36, "stripped_dark_oak_log": 5, "basalt": 5, "track": 13, "crafting_table": 4, "grave": 3, "walnut_leaves": 3, "copper_ore": 4, "tall_grass": 11, "overgrown_dacite": 1, "diorite": 10, "tin_ore": 15, "spruce_stairs": 58, "cinnabar_ore": 1, "ruby_ore": 1, "spruce_log": 38, "red_wall_banner": 1, "mechanical_bearing": 1, "gravel": 16, "cobweb": 3, "cracked_stone_bricks": 2, "stone_bricks": 23, "polished_andesite": 1, "mossy_stone_bricks": 2}, "usedItems": {"spruce_slab": 116, "chest": 1, "shield": 3, "stone": 3, "coconut_planks": 132, "mechanical_bearing": 2, "iron_chestplate": 1, "white_sail": 113, "cogwheel": 6, "stripped_spruce_log": 16, "obsidian": 47, "big_dripleaf": 2, "spruce_boat": 13, "stone_bricks": 15, "stone_brick_stairs": 1, "bow_call_of_the_void": 41, "skeleton_skull": 4, "egg": 2, "obsidian_glass_pane": 36, "mossy_stone_bricks": 2, "diorite": 10, "oak_planks": 41, "mossy_stone_brick_stairs": 1, "nether_ruby_axe": 621, "white_wool": 6, "sand": 3, "dirtier_dirt": 1, "dark_oak_log": 9, "bread": 148, "string": 4, "gravel": 3, "spruce_brigg": 1, "andesite": 67, "oak_boat": 7, "grave": 4, "large_cogwheel": 12, "cobweb": 3, "experience_bottle": 10, "diamond_knife": 31, "flint_and_steel": 47, "pick_diamond_pickaxe_var": 5, "nether_ruby_hoe": 27, "spruce_planks": 117, "ender_chest": 1, "stone_hoe": 1, "netherrack": 12, "oak_door": 2, "torch": 47, "dirt": 36, "anvil": 1, "nether_ruby_shovel": 43, "spruce_stairs": 78, "spruce_fence": 4, "coconut_door": 4, "coconut_slab": 131, "iron_block": 1, "oak_stairs": 1, "radial_chassis": 7, "emerald_block": 13, "mossy_stone_brick_wall": 1, "iron_leggings": 2, "wheat_seeds": 8, "water_bucket": 3, "dark_oak_cog": 1, "coconut_fence": 1, "spruce_sign": 4, "oak_slab": 67, "crafting_table": 6, "bomb": 24, "oak_brigg": 1, "spruce_log": 13, "oak_log": 1, "track": 20, "diamond_pickaxe": 8, "mechanical_press": 6, "windmill_bearing": 5, "map": 1, "nether_ruby_sword": 74, "cobblestone": 99, "nether_ruby_pickaxe": 2980, "bucket": 4, "glass_pane": 60}, "killedBy": {"zombie_villager": 1, "pillager": 1, "player": 2, "skeleton": 1}, "craftedItems": {"oak_planks": 176, "walnut_planks": 8, "rope": 6, "mechanical_bearing": 1, "radial_chassis": 3, "glass": 35, "iron_boots": 1, "mechanical_press": 1, "chest": 1, "cogwheel": 5, "oak_slab": 96, "crafting_table": 2, "spruce_planks": 224, "iron_helmet": 1, "zinc_nugget": 138, "gold_block": 5, "iron_chestplate": 1, "emerald_block": 3, "stick": 72, "iron_ingot": 36, "iron_block": 9, "large_cogwheel": 6, "oak_door": 6, "coconut_planks": 200, "white_sail": 58, "glass_pane": 80, "spruce_stairs": 40, "bomb": 12, "spruce_slab": 84, "coconut_slab": 300, "spruce_boat": 1, "dark_oak_planks": 8, "lead": 1, "windmill_bearing": 1, "wheat": 575, "andesite_alloy": 71, "diamond_sword": 1, "bucket": 1, "bread": 192, "air": 0, "refined_iron_ingot": 9, "oak_boat": 2, "oak_stairs": 12, "coconut_fence": 3, "iron_leggings": 3, "anvil": 1, "shaft": 16, "diamond_knife": 1, "torch": 32}, "pickedUpItems": {"iron_chestplate": 5, "wheat": 9, "anvil": 1, "lead": 20, "oak_stairs": 1, "potion": 2, "stone_brick_stairs": 3, "refined_iron_ingot": 8, "string": 10, "raw_copper": 2, "iron_leggings": 4, "galena_ore": 2, "diamond_leggings": 1, "gold_nugget": 39, "mechanical_press": 5, "spruce_planks": 116, "iron_boots": 5, "stick": 63, "walnut_log": 2, "big_dripleaf": 2, "torch": 21, "andesite_casing": 4, "spruce_stairs": 64, "porkchop": 5, "diving_boots": 1, "dirtier_dirt": 1, "diorite": 10, "oak_brigg": 1, "lapis_pile": 14, "large_cogwheel": 6, "obsidian_glass_pane": 82, "honey_bottle": 3, "rotten_flesh": 24, "pick_diamond_pickaxe_var": 1, "track": 16, "coconut_log": 50, "rope": 1, "quiver": 1, "obsidian": 68, "cobblestone": 336, "walnut_planks": 8, "leather_chestplate": 1, "cooked_beef": 3, "andesite": 85, "coconut_planks": 38, "tin_ingot": 16, "dark_oak_cog": 2, "flint": 2, "raw_zinc": 14, "map": 1, "dirt": 52, "name_tag": 4, "mutton_chops": 11, "bone": 40, "wheat_seeds": 29, "spistol": 1, "shaft": 12, "mossy_stone_bricks": 3, "oak_planks": 41, "mossy_stone_brick_stairs": 1, "radial_chassis": 6, "lead_ingot": 1, "nether_ruby_pickaxe": 1, "cogwheel": 1, "jungle_planks": 3, "sand": 2, "stripped_spruce_log": 22, "ham": 1, "dark_oak_log": 64, "mossy_cobblestone": 64, "tanned_leather": 1, "diamond": 3, "spruce_boat": 14, "electronic_circuit": 2, "golden_apple": 1, "spruce_sign": 4, "bread": 27, "emerald": 3, "bullets": 29, "oak_sapling": 16, "netherrack": 270, "industrial_machine_frame": 2, "white_sail": 56, "diamond_pickaxe": 1, "cocoa_beans": 4, "charcoal": 12, "coarse_dirt": 1, "crafting_table": 4, "holly_sapling": 19, "diamond_horse_armor": 1, "raw_silver": 7, "cracked_stone_bricks": 2, "straw": 6, "oak_boat": 5, "cyan_wool": 64, "iron_nugget": 42, "poppy": 1, "spruce_slab": 116, "light_gray_wool": 21, "coconut_slab": 46, "netherrack_stalactite": 1, "golden_knife": 1, "egg": 2, "raw_iron": 6, "coconut_door": 1, "spruce_brigg": 1, "stone": 26, "golden_sheet": 3, "spruce_fence": 4, "ruby_gem": 8, "windmill_bearing": 3, "refined_iron_storage_block": 1, "zinc_ingot": 23, "arrow": 62, "diamond_chestplate": 1, "experience_nugget": 320, "shears": 4, "hay_block": 128, "gold_ingot": 2, "mutton": 12, "rail": 2, "skeleton_skull": 3, "white_wool": 14, "obsidian_glass": 1, "iron_sheet": 31, "salmon": 22, "leather": 1, "grave": 4, "oak_log": 12, "gunpowder": 13, "dacite_cobblestone": 27, "apple": 5, "stone_bricks": 25, "kelp": 4, "iron_ingot": 132, "mossy_stone_brick_wall": 1, "iron_sword": 1, "book": 12, "uraninite": 4, "oak_slab": 1, "silver_ingot": 8, "mechanical_bearing": 1, "emerald_block": 13, "sweet_berries": 73, "stone_brick_slab": 1, "dandelion": 1, "gravel": 12, "red_banner": 1, "spruce_log": 36, "holly_log": 13, "cincinnasite_ingot": 12, "lime_dye": 6, "zinc_nugget": 15, "iron_helmet": 1, "stripped_dark_oak_log": 5, "coal": 29}, "killedMobs": {"hills_creeper": 1, "spider": 1, "skeleton": 6, "dark_oak_creeper": 1, "chicken": 3, "pig": 3, "zombie_villager": 2, "firefly": 1, "creeper": 4, "sheep": 3, "pillager": 2, "zombie": 13, "drowned": 2, "bear": 1, "spy": 1, "player": 3, "enderman": 2}, "brokenBlocksRanked": ["netherrack", "stone", "spruce_planks", "nether_quartz_ore", "andesite", "obsidian", "spruce_slab", "spruce_stairs", "white_sail", "coconut_log", "oak_planks", "spruce_log", "obsidian_glass_pane", "coconut_planks", "grass", "dacite", "grass_block", "coconut_slab", "stone_bricks", "stripped_spruce_log", "zinc_ore", "gravel", "tin_ore", "track", "emerald_block", "tall_grass", "jungle_planks", "diorite", "nether_gold_ore", "red_oak_leaves", "soapstone", "dirt", "oak_log", "torch", "nether_lapis_ore", "spruce_leaves", "cincinnasite_ore", "spruce_fence", "radial_chassis", "tall_prairie_grass", "granite", "basalt", "stripped_dark_oak_log", "silver_ore", "mechanical_press", "copper_ore", "crafting_table", "windmill_bearing", "large_cogwheel", "crimson_planks", "tripwire", "uraninite_ore_poor", "magma_block", "andesite_casing", "cobweb", "walnut_leaves", "grave", "wall_torch", "cobblestone", "mossy_stone_bricks", "cracked_stone_bricks", "glass_pane", "purple_terracotta", "sand", "galena_ore", "wheat", "ceiling_mushrooms", "walnut_log", "polished_andesite", "mechanical_bearing", "red_wall_banner", "ruby_ore", "cinnabar_ore", "overgrown_dacite", "oak_slab", "dirtier_dirt", "mossy_stone_brick_stairs", "big_dripleaf_stem", "wall_mushroom_brown", "lead_ore", "richea", "aspen_log", "holly_log", "water_silk", "stone_brick_stairs", "neon_equisetum", "obsidian_glass", "spruce_sign", "clay", "cogwheel", "iron_block", "oak_stairs", "dirt_path", "anvil", "fire", "tall_seagrass", "farmland"], "usedItemsRanked": ["nether_ruby_pickaxe", "nether_ruby_axe", "bread", "coconut_planks", "coconut_slab", "spruce_planks", "spruce_slab", "white_sail", "cobblestone", "spruce_stairs", "nether_ruby_sword", "oak_slab", "andesite", "glass_pane", "torch", "flint_and_steel", "obsidian", "nether_ruby_shovel", "oak_planks", "bow_call_of_the_void", "dirt", "obsidian_glass_pane", "diamond_knife", "nether_ruby_hoe", "bomb", "track", "stripped_spruce_log", "stone_bricks", "spruce_log", "emerald_block", "spruce_boat", "netherrack", "large_cogwheel", "experience_bottle", "diorite", "dark_oak_log", "diamond_pickaxe", "wheat_seeds", "radial_chassis", "oak_boat", "mechanical_press", "crafting_table", "white_wool", "cogwheel", "windmill_bearing", "pick_diamond_pickaxe_var", "bucket", "spruce_sign", "coconut_door", "spruce_fence", "grave", "string", "skeleton_skull", "water_bucket", "cobweb", "gravel", "sand", "stone", "shield", "iron_leggings", "oak_door", "mossy_stone_bricks", "egg", "big_dripleaf", "mechanical_bearing", "map", "oak_log", "oak_brigg", "coconut_fence", "dark_oak_cog", "mossy_stone_brick_wall", "oak_stairs", "iron_block", "anvil", "stone_hoe", "ender_chest", "spruce_brigg", "dirtier_dirt", "mossy_stone_brick_stairs", "stone_brick_stairs", "iron_chestplate", "chest"], "killedByRanked": ["player", "skeleton", "pillager", "zombie_villager"], "craftedItemsRanked": ["wheat", "coconut_slab", "spruce_planks", "coconut_planks", "bread", "oak_planks", "zinc_nugget", "oak_slab", "spruce_slab", "glass_pane", "stick", "andesite_alloy", "white_sail", "spruce_stairs", "iron_ingot", "glass", "torch", "shaft", "oak_stairs", "bomb", "refined_iron_ingot", "iron_block", "dark_oak_planks", "walnut_planks", "oak_door", "large_cogwheel", "rope", "gold_block", "cogwheel", "iron_leggings", "coconut_fence", "emerald_block", "radial_chassis", "oak_boat", "crafting_table", "diamond_knife", "anvil", "bucket", "diamond_sword", "windmill_bearing", "lead", "spruce_boat", "iron_chestplate", "iron_helmet", "chest", "mechanical_press", "iron_boots", "mechanical_bearing", "air"], "pickedUpItemsRanked": ["cobblestone", "experience_nugget", "netherrack", "iron_ingot", "hay_block", "spruce_slab", "spruce_planks", "andesite", "obsidian_glass_pane", "sweet_berries", "obsidian", "cyan_wool", "mossy_cobblestone", "dark_oak_log", "spruce_stairs", "stick", "arrow", "white_sail", "dirt", "coconut_log", "coconut_slab", "iron_nugget", "oak_planks", "bone", "gold_nugget", "coconut_planks", "spruce_log", "iron_sheet", "coal", "bullets", "wheat_seeds", "dacite_cobblestone", "bread", "stone", "stone_bricks", "rotten_flesh", "zinc_ingot", "salmon", "stripped_spruce_log", "light_gray_wool", "torch", "lead", "holly_sapling", "oak_sapling", "tin_ingot", "track", "zinc_nugget", "white_wool", "spruce_boat", "raw_zinc", "lapis_pile", "holly_log", "emerald_block", "gunpowder", "cincinnasite_ingot", "gravel", "book", "oak_log", "mutton", "charcoal", "shaft", "mutton_chops", "diorite", "string", "wheat", "silver_ingot", "ruby_gem", "walnut_planks", "refined_iron_ingot", "raw_silver", "lime_dye", "raw_iron", "straw", "radial_chassis", "large_cogwheel", "stripped_dark_oak_log", "apple", "oak_boat", "porkchop", "iron_boots", "mechanical_press", "iron_chestplate", "uraninite", "kelp", "grave", "shears", "spruce_fence", "crafting_table", "cocoa_beans", "spruce_sign", "name_tag", "andesite_casing", "iron_leggings", "skeleton_skull", "windmill_bearing", "golden_sheet", "emerald", "diamond", "jungle_planks", "mossy_stone_bricks", "cooked_beef", "honey_bottle", "stone_brick_stairs", "rail", "gold_ingot", "egg", "cracked_stone_bricks", "industrial_machine_frame", "electronic_circuit", "sand", "flint", "dark_oak_cog", "big_dripleaf", "walnut_log", "galena_ore", "raw_copper", "potion", "iron_helmet", "red_banner", "dandelion", "stone_brick_slab", "mechanical_bearing", "oak_slab", "iron_sword", "mossy_stone_brick_wall", "leather", "obsidian_glass", "diamond_chestplate", "refined_iron_storage_block", "spruce_brigg", "coconut_door", "golden_knife", "netherrack_stalactite", "poppy", "diamond_horse_armor", "coarse_dirt", "diamond_pickaxe", "golden_apple", "tanned_leather", "ham", "cogwheel", "nether_ruby_pickaxe", "lead_ingot", "mossy_stone_brick_stairs", "spistol", "map", "leather_chestplate", "quiver", "rope", "pick_diamond_pickaxe_var", "oak_brigg", "dirtier_dirt", "diving_boots", "diamond_leggings", "oak_stairs", "anvil"], "killedMobsRanked": ["zombie", "skeleton", "creeper", "player", "sheep", "pig", "chicken", "enderman", "drowned", "pillager", "zombie_villager", "spy", "bear", "firefly", "dark_oak_creeper", "spider", "hills_creeper"], "brokenBlocksTotal": 3709, "usedItemsTotal": 5505, "killedByTotal": 5, "craftedItemsTotal": 2540, "pickedUpItemsTotal": 3469, "killedMobsTotal": 49}, "Skyblock": {"playtimeHours": 0.8732083333333335, "metresWalked": 1264.83, "metresSprinted": 689.45, "metresCrouched": 267.22, "metresSwam": 16.17, "metresFallen": 135.67, "metresByBoat": 0.0, "metresByHorse": 0.0, "metresByElytra": 0.0, "metresWalkedUnderwater": 246.36, "metresFlown": 495.81, "jumps": 561, "gamesQuit": 9, "deaths": 15, "mobsKilled": 0, "playersKilled": 13, "deathsByPlayer": 8, "sneakTimeHours": 0.11254166666666666, "brokenBlocks": {"oak_sapling": 2, "oak_door": 2, "cobbled_deepslate_slab": 1, "grass_block": 2, "cobblestone": 42, "oak_planks": 2, "kelp": 2, "cobbled_deepslate": 15, "potatoes": 1, "oak_log": 7, "cobblestone_slab": 10, "hand_crank": 2, "gravel": 5, "dirt": 3, "oak_button": 1, "limestone": 2, "oak_leaves": 25}, "usedItems": {"stone_sword": 11, "stone_pickaxe": 88, "oak_planks": 6, "crimsite": 7, "cobblestone_slab": 29, "oak_door": 2, "torch": 1, "dirt": 9, "encased_fan": 1, "oak_slab": 42, "cogwheel": 2, "granite": 6, "grass_block": 1, "oak_button": 2, "millstone": 1, "gravel": 7, "stone_axe": 18, "cobblestone": 35, "cobbled_deepslate_slab": 60, "oak_sapling": 3, "hand_crank": 4, "kelp": 2, "potato": 3, "cobbled_deepslate": 6}, "killedBy": {"player": 8, "zombie": 1}, "craftedItems": {"cobbled_deepslate_slab": 12, "oak_planks": 32, "oak_slab": 42, "cobblestone_slab": 24, "stone_axe": 1, "stick": 5, "stone_sword": 1, "oak_button": 1}, "pickedUpItems": {"potato": 2, "flint": 6, "oak_log": 5, "dirt": 9, "limestone": 1, "kelp": 2, "cobbled_deepslate": 12, "cobbled_deepslate_slab": 139, "stone_pickaxe": 5, "cobblestone_slab": 5, "iron_nugget": 1, "oak_planks": 2, "stick": 1, "oak_door": 1, "cogwheel": 2, "torch": 1, "gravel": 4, "hand_crank": 3, "stone_sword": 1, "encased_fan": 1, "oak_button": 1, "oak_sapling": 3, "cobblestone": 119}, "killedMobs": {}, "brokenBlocksRanked": ["cobblestone", "oak_leaves", "cobbled_deepslate", "cobblestone_slab", "oak_log", "gravel", "dirt", "limestone", "hand_crank", "kelp", "oak_planks", "grass_block", "oak_door", "oak_sapling", "oak_button", "potatoes", "cobbled_deepslate_slab"], "usedItemsRanked": ["stone_pickaxe", "cobbled_deepslate_slab", "oak_slab", "cobblestone", "cobblestone_slab", "stone_axe", "stone_sword", "dirt", "gravel", "crimsite", "cobbled_deepslate", "granite", "oak_planks", "hand_crank", "potato", "oak_sapling", "kelp", "oak_button", "cogwheel", "oak_door", "millstone", "grass_block", "encased_fan", "torch"], "killedByRanked": ["player", "zombie"], "craftedItemsRanked": ["oak_slab", "oak_planks", "cobblestone_slab", "cobbled_deepslate_slab", "stick", "oak_button", "stone_sword", "stone_axe"], "pickedUpItemsRanked": ["cobbled_deepslate_slab", "cobblestone", "cobbled_deepslate", "dirt", "flint", "cobblestone_slab", "stone_pickaxe", "oak_log", "gravel", "oak_sapling", "hand_crank", "cogwheel", "oak_planks", "kelp", "potato", "oak_button", "encased_fan", "stone_sword", "torch", "oak_door", "stick", "iron_nugget", "limestone"], "killedMobsRanked": [], "brokenBlocksTotal": 124, "usedItemsTotal": 346, "killedByTotal": 9, "craftedItemsTotal": 118, "pickedUpItemsTotal": 326, "killedMobsTotal": 0}, "playtimeHoursRanked": ["SSaS", "Skyblock", "Vanilla (Vantaa)"], "metresWalkedRanked": ["SSaS", "Skyblock", "Vanilla (Vantaa)"], "metresSprintedRanked": ["SSaS", "Vanilla (Vantaa)", "Skyblock"], "metresCrouchedRanked": ["SSaS", "Skyblock", "Vanilla (Vantaa)"], "metresSwamRanked": ["SSaS", "Vanilla (Vantaa)", "Skyblock"], "metresFallenRanked": ["SSaS", "Vanilla (Vantaa)", "Skyblock"], "metresByBoatRanked": ["SSaS", "Vanilla (Vantaa)", "Skyblock"], "metresByHorseRanked": ["SSaS", "Vanilla (Vantaa)", "Skyblock"], "metresByElytraRanked": ["Skyblock", "SSaS", "Vanilla (Vantaa)"], "metresWalkedUnderwaterRanked": ["SSaS", "Skyblock", "Vanilla (Vantaa)"], "metresFlownRanked": ["SSaS", "Vanilla (Vantaa)", "Skyblock"], "jumpsRanked": ["SSaS", "Vanilla (Vantaa)", "Skyblock"], "gamesQuitRanked": ["SSaS", "Skyblock", "Vanilla (Vantaa)"], "deathsRanked": ["Skyblock", "SSaS", "Vanilla (Vantaa)"], "mobsKilledRanked": ["SSaS", "Vanilla (Vantaa)", "Skyblock"], "playersKilledRanked": ["Skyblock", "SSaS", "Vanilla (Vantaa)"], "deathsByPlayerRanked": ["Skyblock", "Vanilla (Vantaa)", "SSaS"], "sneakTimeHoursRanked": ["SSaS", "Skyblock", "Vanilla (Vantaa)"]}