{"Beef Mines": {"playtimeHours": 1.1707222222222222, "metresWalked": 2724.89, "metresSprinted": 2932.47, "metresCrouched": 30.29, "metresSwam": 27.61, "metresFallen": 672.84, "metresByBoat": 1928.14, "metresByHorse": 0.0, "metresByElytra": 0.0, "metresWalkedUnderwater": 17.26, "metresFlown": 4040.64, "jumps": 1911, "gamesQuit": 1, "deaths": 4, "mobsKilled": 0, "playersKilled": 0, "deathsByPlayer": 1, "sneakTimeHours": 0.03801388888888889, "brokenBlocks": {"dark_oak_leaves": 1, "light_block": 2, "pink_bioshroom": 1, "jungle_leaves": 30, "larch_trapdoor": 15, "larch_planks": 17, "larch_stairs": 19, "white_mangrove_leaves": 1, "larch_slab": 1, "snow": 47, "ice": 3, "chopped_log": 1, "grass": 2, "flowering_azalea_leaves": 1, "medium_grass": 2, "larch_log": 9, "oak_leaves": 8, "fern": 1}, "usedItems": {"larch_boat": 9, "wooden_shovel": 49, "bell": 1, "crafting_table": 3, "white_bed": 1, "larch_slab": 24, "snowball": 32, "wooden_axe": 46, "larch_trapdoor": 31, "q/regions_unexplored/larch_chest": 2, "larch_stairs": 97, "larch_log": 91, "larch_pressure_plate": 4, "larch_door": 3, "larch_planks": 615, "sweet_berries": 5, "animal_dictionary": 1, "sleeping_bag_white": 1, "egg": 3, "seafood_gumbo": 1, "cooked_bison": 14}, "killedBy": {"player": 1}, "craftedItems": {"wooden_shovel": 1, "crafting_table": 3, "larch_trapdoor": 16, "larch_pressure_plate": 4, "larch_planks": 1072, "q/regions_unexplored/larch_chest": 2, "larch_door": 3, "stick": 12, "wooden_axe": 1, "larch_slab": 70, "larch_stairs": 84}, "pickedUpItems": {"larch_planks": 79, "potato": 1, "hemp_fiber": 3, "cooked_bison": 131, "bone": 1, "bell": 1, "sleeping_bag_white": 2, "oak_boat": 1, "pink_bioshroom": 2, "larch_log": 912, "larch_trapdoor": 15, "larch_sapling": 2, "jungle_sapling": 1, "egg": 3, "larch_stairs": 17, "stick": 2, "sweet_berries": 5, "guide_book": 2, "facade": 2, "larch_slab": 3, "seafood_gumbo": 5, "ink_sac": 3, "white_bed": 1, "animal_dictionary": 1, "biomepedia": 1, "seed": 4, "worn_notebook": 1, "larch_boat": 9, "snowball": 31}, "killedMobs": {}, "brokenBlocksRanked": ["snow", "jungle_leaves", "larch_stairs", "larch_planks", "larch_trapdoor", "larch_log", "oak_leaves", "ice", "medium_grass", "grass", "light_block", "fern", "flowering_azalea_leaves", "chopped_log", "larch_slab", "white_mangrove_leaves", "pink_bioshroom", "dark_oak_leaves"], "usedItemsRanked": ["larch_planks", "larch_stairs", "larch_log", "wooden_shovel", "wooden_axe", "snowball", "larch_trapdoor", "larch_slab", "cooked_bison", "larch_boat", "sweet_berries", "larch_pressure_plate", "egg", "larch_door", "crafting_table", "q/regions_unexplored/larch_chest", "seafood_gumbo", "sleeping_bag_white", "animal_dictionary", "white_bed", "bell"], "killedByRanked": ["player"], "craftedItemsRanked": ["larch_planks", "larch_stairs", "larch_slab", "larch_trapdoor", "stick", "larch_pressure_plate", "larch_door", "crafting_table", "q/regions_unexplored/larch_chest", "wooden_axe", "wooden_shovel"], "pickedUpItemsRanked": ["larch_log", "cooked_bison", "larch_planks", "snowball", "larch_stairs", "larch_trapdoor", "larch_boat", "seafood_gumbo", "sweet_berries", "seed", "ink_sac", "larch_slab", "egg", "hemp_fiber", "facade", "guide_book", "stick", "larch_sapling", "pink_bioshroom", "sleeping_bag_white", "worn_notebook", "biomepedia", "animal_dictionary", "white_bed", "jungle_sapling", "oak_boat", "bell", "bone", "potato"], "killedMobsRanked": [], "brokenBlocksTotal": 161, "usedItemsTotal": 1033, "killedByTotal": 1, "craftedItemsTotal": 1268, "pickedUpItemsTotal": 1241, "killedMobsTotal": 0}, "combined": {"playtimeHours": 1.1707222222222222, "metresWalked": 2724.89, "metresSprinted": 2932.47, "metresCrouched": 30.29, "metresSwam": 27.61, "metresFallen": 672.84, "metresByBoat": 1928.14, "metresByHorse": 0.0, "metresByElytra": 0.0, "metresWalkedUnderwater": 17.26, "metresFlown": 4040.64, "jumps": 1911, "gamesQuit": 1, "deaths": 4, "mobsKilled": 0, "playersKilled": 0, "deathsByPlayer": 1, "sneakTimeHours": 0.03801388888888889, "brokenBlocks": {"dark_oak_leaves": 1, "light_block": 2, "pink_bioshroom": 1, "jungle_leaves": 30, "larch_trapdoor": 15, "larch_planks": 17, "larch_stairs": 19, "white_mangrove_leaves": 1, "larch_slab": 1, "snow": 47, "ice": 3, "chopped_log": 1, "grass": 2, "flowering_azalea_leaves": 1, "medium_grass": 2, "larch_log": 9, "oak_leaves": 8, "fern": 1}, "usedItems": {"larch_boat": 9, "wooden_shovel": 49, "bell": 1, "crafting_table": 3, "white_bed": 1, "larch_slab": 24, "snowball": 32, "wooden_axe": 46, "larch_trapdoor": 31, "q/regions_unexplored/larch_chest": 2, "larch_stairs": 97, "larch_log": 91, "larch_pressure_plate": 4, "larch_door": 3, "larch_planks": 615, "sweet_berries": 5, "animal_dictionary": 1, "sleeping_bag_white": 1, "egg": 3, "seafood_gumbo": 1, "cooked_bison": 14}, "killedBy": {"player": 1}, "craftedItems": {"wooden_shovel": 1, "crafting_table": 3, "larch_trapdoor": 16, "larch_pressure_plate": 4, "larch_planks": 1072, "q/regions_unexplored/larch_chest": 2, "larch_door": 3, "stick": 12, "wooden_axe": 1, "larch_slab": 70, "larch_stairs": 84}, "pickedUpItems": {"larch_planks": 79, "potato": 1, "hemp_fiber": 3, "cooked_bison": 131, "bone": 1, "bell": 1, "sleeping_bag_white": 2, "oak_boat": 1, "pink_bioshroom": 2, "larch_log": 912, "larch_trapdoor": 15, "larch_sapling": 2, "jungle_sapling": 1, "egg": 3, "larch_stairs": 17, "stick": 2, "sweet_berries": 5, "guide_book": 2, "facade": 2, "larch_slab": 3, "seafood_gumbo": 5, "ink_sac": 3, "white_bed": 1, "animal_dictionary": 1, "biomepedia": 1, "seed": 4, "worn_notebook": 1, "larch_boat": 9, "snowball": 31}, "killedMobs": {}, "brokenBlocksRanked": ["snow", "jungle_leaves", "larch_stairs", "larch_planks", "larch_trapdoor", "larch_log", "oak_leaves", "ice", "medium_grass", "grass", "light_block", "fern", "flowering_azalea_leaves", "chopped_log", "larch_slab", "white_mangrove_leaves", "pink_bioshroom", "dark_oak_leaves"], "usedItemsRanked": ["larch_planks", "larch_stairs", "larch_log", "wooden_shovel", "wooden_axe", "snowball", "larch_trapdoor", "larch_slab", "cooked_bison", "larch_boat", "sweet_berries", "larch_pressure_plate", "egg", "larch_door", "crafting_table", "q/regions_unexplored/larch_chest", "seafood_gumbo", "sleeping_bag_white", "animal_dictionary", "white_bed", "bell"], "killedByRanked": ["player"], "craftedItemsRanked": ["larch_planks", "larch_stairs", "larch_slab", "larch_trapdoor", "stick", "larch_pressure_plate", "larch_door", "crafting_table", "q/regions_unexplored/larch_chest", "wooden_axe", "wooden_shovel"], "pickedUpItemsRanked": ["larch_log", "cooked_bison", "larch_planks", "snowball", "larch_stairs", "larch_trapdoor", "larch_boat", "seafood_gumbo", "sweet_berries", "seed", "ink_sac", "larch_slab", "egg", "hemp_fiber", "facade", "guide_book", "stick", "larch_sapling", "pink_bioshroom", "sleeping_bag_white", "worn_notebook", "biomepedia", "animal_dictionary", "white_bed", "jungle_sapling", "oak_boat", "bell", "bone", "potato"], "killedMobsRanked": [], "brokenBlocksTotal": 161, "usedItemsTotal": 1033, "killedByTotal": 1, "craftedItemsTotal": 1268, "pickedUpItemsTotal": 1241, "killedMobsTotal": 0}, "playtimeHoursRanked": ["Beef Mines"], "metresWalkedRanked": ["Beef Mines"], "metresSprintedRanked": ["Beef Mines"], "metresCrouchedRanked": ["Beef Mines"], "metresSwamRanked": ["Beef Mines"], "metresFallenRanked": ["Beef Mines"], "metresByBoatRanked": ["Beef Mines"], "metresByHorseRanked": ["Beef Mines"], "metresByElytraRanked": ["Beef Mines"], "metresWalkedUnderwaterRanked": ["Beef Mines"], "metresFlownRanked": ["Beef Mines"], "jumpsRanked": ["Beef Mines"], "gamesQuitRanked": ["Beef Mines"], "deathsRanked": ["Beef Mines"], "mobsKilledRanked": ["Beef Mines"], "playersKilledRanked": ["Beef Mines"], "deathsByPlayerRanked": ["Beef Mines"], "sneakTimeHoursRanked": ["Beef Mines"]}