{"Beef Mines": {"playtimeHours": 10.440152777777778, "metresWalked": 20577.22, "metresSprinted": 17654.0, "metresCrouched": 1594.69, "metresSwam": 375.07, "metresFallen": 232.02, "metresByBoat": 1207.89, "metresByHorse": 78.62, "metresByElytra": 0.0, "metresWalkedUnderwater": 213.29, "metresFlown": 14308.89, "jumps": 8599, "gamesQuit": 7, "deaths": 3, "mobsKilled": 21, "playersKilled": 0, "deathsByPlayer": 1, "sneakTimeHours": 0.8054305555555555, "brokenBlocks": {"dark_oak_planks": 98, "spruce_planks": 288, "blue_lupine": 3, "pink_bioshroom_block": 13, "copper_scaffolding": 13, "blue_bioshroom": 7, "sleeping_bag_white": 2, "framed_slope": 57, "framing_saw": 1, "polished_soapstone": 7, "iron_ore": 4, "barrel": 17, "dark_oak_stairs": 23, "sturdy_stone": 1, "spruce_wood": 4, "dark_oak_vertical_slab": 4, "radio": 1, "spruce_slab": 13, "light_block": 2, "polished_soapstone_slab": 8, "timber_cross_brace": 2, "torch": 57, "cobblestone_bricks": 8, "noir_wine": 1, "mushroom_stem": 6, "spruce_wall_sign": 6, "cobblestone": 35, "blackwood_sapling": 2, "wall_torch": 11, "soapstone_stairs": 100, "blackwood_fence": 16, "soapstone": 625, "dark_oak_slab": 21, "cutting_board": 1, "framed_vertical_half_stairs": 1, "spruce_vertical_slab": 1, "grass": 74, "dirt": 12, "dark_oak_leaves": 8, "pink_lupine": 2, "soapstone_wall": 32, "dark_oak_log": 8, "computer_advanced": 2, "dark_oak_fence": 81, "spruce_fence": 7, "framed_double_slope": 2, "glowing_pink_bioshroom_block": 4, "hemp": 4, "stripped_blackwood_log": 25, "forest_grass_block": 279, "andesite": 1, "stripped_spruce_log": 2, "chopped_log": 31, "shroomlight": 7, "forest_dirt": 516, "medium_grass": 52, "stone": 561, "tall_dark_oak_sapling": 1, "blackwood_planks": 75, "dark_oak_chest": 6, "pink_bioshroom": 2, "stripped_dark_oak_log": 7, "apatite_ore": 2, "crafting_table": 15, "item_shelf": 6, "soapstone_slab": 53, "blackwood_wood": 2, "track_spruce": 3, "blackwood_log": 179, "tall_grass": 75, "blue_bed": 6, "spruce_stairs": 122, "cobblestone_wall": 6, "tall_blackwood_sapling": 3, "spruce_log": 105, "coal_ore": 26, "spruce_chest": 2, "gravel": 7, "gray_mystical_flower": 1, "blackwood_leaves": 46, "fern": 7}, "usedItems": {"pink_lupine": 1, "spruce_slab": 240, "framed_sloped_stairs": 14, "seed": 16, "item_easel": 1, "chest": 1, "iron_sword": 66, "polished_soapstone_slab": 52, "fish_stew": 7, "creepers_crush": 3, "framed_vertical_half_stairs": 1, "dark_oak_slab": 13, "soapstone_stairs": 191, "computer_advanced": 2, "blue_bioshroom": 2, "cutting_board": 2, "furnace": 1, "cooked_cod": 42, "dark_oak_stairs": 34, "track_spruce": 5, "spruce_door": 1, "stone_pickaxe": 716, "soapstone_slab": 99, "wooden_pickaxe": 59, "dark_oak_vertical_slab": 10, "polished_soapstone": 26, "blue_bed": 7, "stripped_blackwood_log": 25, "dark_oak_trapdoor": 3, "blackwood_fence": 87, "dark_oak_log": 16, "blackwood_sapling": 2, "forest_dirt": 430, "gravel": 3, "blackwood_planks": 110, "timber_cross_brace": 2, "dark_oak_fence": 158, "framed_inner_threeway_corner": 4, "stone_shovel": 888, "spruce_planks": 762, "pink_bioshroom_block": 26, "stone_hoe": 25, "torch": 209, "dirt": 6, "spruce_stairs": 441, "cobblestone_wall": 6, "spruce_fence": 2, "item_shelf": 12, "glowing_pink_bioshroom_block": 6, "shroomlight": 16, "dark_oak_planks": 70, "spruce_chest": 1, "iron_axe": 679, "iron_boots": 1, "barrel": 21, "spruce_vertical_slab": 9, "source_berry_pie": 10, "larch_planks": 34, "sleeping_bag_white": 11, "blue_lupine": 2, "blackwood_log": 671, "mcfur/regions_unexplored/blackwood_stool_chair": 8, "wheat_seeds": 7, "cooked_mutton": 3, "water_bucket": 18, "cobblestone_bricks": 29, "framed_slope": 144, "radio": 1, "crafting_table": 20, "blackwood_trapdoor": 2, "spruce_log": 118, "smoker": 1, "glass_item_frame": 1, "flower_pot": 1, "soapstone_wall": 293, "apple": 13, "iron_pickaxe": 719, "noir_wine": 2, "soapstone": 36, "stone_axe": 880, "framed_double_slope": 1, "dark_oak_chest": 13, "cobblestone": 49, "cooked_porkchop": 1, "bucket": 19, "animal_dictionary": 1, "sturdy_stone": 5, "blackwood_wood": 2}, "killedBy": {"player": 1}, "craftedItems": {"barrel": 5, "sturdy_stone": 5, "soapstone": 17, "larch_planks": 44, "soapstone_stairs": 152, "mcfur/regions_unexplored/blackwood_stool_chair": 20, "dark_oak_vertical_slab": 27, "blackwood_trapdoor": 2, "chest": 1, "polished_soapstone_slab": 60, "framed_vertical_half_stairs": 8, "stone_hoe": 1, "smoker": 1, "crafting_table": 12, "spruce_planks": 1379, "framed_slope": 15, "glowing_pink_bioshroom_block": 2, "wooden_pickaxe": 1, "spruce_door": 3, "cutting_board": 1, "dark_oak_slab": 64, "framed_sloped_stairs": 12, "stick": 180, "spruce_vertical_slab": 18, "iron_pickaxe": 2, "stone_sword": 1, "blackwood_planks": 256, "stone_shovel": 7, "framed_double_slope": 1, "item_easel": 1, "soapstone_wall": 276, "furnace": 2, "dark_oak_trapdoor": 4, "spruce_fence": 24, "framed_flat_ext_inner_slope_panel_corner": 4, "dark_oak_chest": 7, "dark_oak_fence": 21, "spruce_stairs": 380, "cobblestone_bricks": 96, "iron_axe": 1, "spruce_slab": 286, "stone_pickaxe": 6, "cobblestone_wall": 6, "blackwood_fence": 114, "spruce_chest": 1, "dark_oak_planks": 312, "blackwood_wood": 168, "item_shelf": 6, "dark_oak_stairs": 20, "soapstone_slab": 108, "timber_cross_brace": 1, "bucket": 1, "stone_axe": 3, "framed_inner_threeway_corner": 4, "framed_cube": 40, "stone_fillet_knife": 1, "polished_soapstone": 96, "torch": 336}, "pickedUpItems": {"calendar": 1, "glowing_pink_bioshroom_block": 4, "flower_pot": 1, "light_blue_double_flower": 1, "cutting_board": 1, "belt_of_levitation": 2, "string": 1, "shroomlight": 40, "radio": 1, "sleeping_bag_white": 12, "spruce_planks": 322, "larch_log": 11, "iron_pickaxe": 1, "blackwood_log": 857, "iron_boots": 1, "furnace": 1, "noir_wine": 3, "blackwood_planks": 75, "lexicon": 1, "stick": 303, "torch": 106, "spruce_stairs": 139, "pink_bioshroom_block": 69, "diorite": 13, "blackwood_fence": 47, "spruce_vertical_slab": 1, "raw_crab": 1, "apatite": 28, "sturdy_stone": 3, "rotten_flesh": 20, "worn_notebook": 1, "cobblestone": 1001, "polished_soapstone": 13, "feather": 1, "water_bucket": 1, "andesite": 2, "dark_oak_vertical_slab": 4, "blackwood_wood": 7, "item_shelf": 9, "tall_cherry_sapling": 1, "flint": 2, "stripped_blackwood_log": 59, "dirt": 14, "hemp_fiber": 6, "bone": 2, "framed_slope": 172, "wheat_seeds": 44, "pink_bioshroom": 4, "gray_mystical_flower": 1, "soapstone_stairs": 100, "framing_saw": 1, "red_mystical_flower": 1, "tall_blue_bioshroom": 1, "cooked_porkchop": 1, "framed_double_slope": 42, "guide_book": 2, "blue_bioshroom_block": 34, "steampunk_boots": 1, "animal_dictionary": 2, "dark_oak_log": 680, "pink_lupine": 16, "barrel": 17, "bone_meal": 3, "spruce_sign": 6, "tall_blackwood_sapling": 9, "dark_oak_fence": 150, "forest_coarse_dirt": 17, "charcoal": 64, "crafting_table": 18, "soapstone": 1005, "chicken": 2, "creepers_crush": 1, "warp_scroll": 1, "blue_bioshroom": 9, "dark_oak_chest": 6, "copper_scaffolding": 12, "steampunk_leggings": 1, "iron_axe": 2, "timber_cross_brace": 2, "source_berry_pie": 10, "framed_cube": 112, "spruce_chest": 1, "bluegill": 10, "computer_advanced": 2, "spruce_slab": 14, "item_easel": 1, "dark_oak_sapling": 222, "raw_iron": 6, "polished_soapstone_slab": 22, "framed_vertical_half_stairs": 1, "bowl": 2, "spruce_fence": 31, "blue_lupine": 68, "fish_stew": 7, "soapstone_slab": 62, "dark_oak_planks": 106, "cooked_cod_slice": 2, "biomepedia": 2, "framed_corner_pillar": 16, "arrow": 3, "cooked_cod": 44, "carp": 2, "tall_dark_oak_sapling": 3, "forest_dirt": 1239, "straw_hat": 1, "gunpowder": 4, "cobblestone_wall": 12, "blue_bed": 7, "light_blue_mystical_flower": 3, "cooked_mutton": 3, "wine_bottle": 3, "apple": 63, "spruce_wood": 4, "stone_pickaxe": 1, "minnow": 1, "acacia_sapling": 1, "iron_sword": 1, "dark_oak_stairs": 23, "dark_oak_slab": 20, "glass_item_frame": 1, "gravel": 9, "red_grouper": 1, "spruce_sapling": 32, "spruce_log": 649, "spider_eye": 1, "cobblestone_bricks": 78, "framed_sloped_stairs": 5, "fireweed": 2, "seed": 48, "blackwood_sapling": 155, "stone_axe": 10, "track_spruce": 5, "soapstone_wall": 59, "framed_hammer": 1, "coal": 41, "stripped_dark_oak_log": 7, "larch_boat": 1, "brown_mystical_flower": 1, "maintenance_kit": 2}, "killedMobs": {"spider": 1, "skeleton": 2, "chicken": 2, "zombie_villager": 1, "creeper": 1, "zombie": 13, "drowned": 1}, "brokenBlocksRanked": ["soapstone", "stone", "forest_dirt", "spruce_planks", "forest_grass_block", "blackwood_log", "spruce_stairs", "spruce_log", "soapstone_stairs", "dark_oak_planks", "dark_oak_fence", "tall_grass", "blackwood_planks", "grass", "torch", "framed_slope", "soapstone_slab", "medium_grass", "blackwood_leaves", "cobblestone", "soapstone_wall", "chopped_log", "coal_ore", "stripped_blackwood_log", "dark_oak_stairs", "dark_oak_slab", "barrel", "blackwood_fence", "crafting_table", "spruce_slab", "copper_scaffolding", "pink_bioshroom_block", "dirt", "wall_torch", "dark_oak_log", "dark_oak_leaves", "cobblestone_bricks", "polished_soapstone_slab", "fern", "gravel", "stripped_dark_oak_log", "shroomlight", "spruce_fence", "polished_soapstone", "blue_bioshroom", "cobblestone_wall", "blue_bed", "item_shelf", "dark_oak_chest", "spruce_wall_sign", "mushroom_stem", "hemp", "glowing_pink_bioshroom_block", "dark_oak_vertical_slab", "spruce_wood", "iron_ore", "tall_blackwood_sapling", "track_spruce", "blue_lupine", "spruce_chest", "blackwood_wood", "apatite_ore", "pink_bioshroom", "stripped_spruce_log", "framed_double_slope", "computer_advanced", "pink_lupine", "blackwood_sapling", "timber_cross_brace", "light_block", "sleeping_bag_white", "gray_mystical_flower", "tall_dark_oak_sapling", "andesite", "spruce_vertical_slab", "framed_vertical_half_stairs", "cutting_board", "noir_wine", "radio", "sturdy_stone", "framing_saw"], "usedItemsRanked": ["stone_shovel", "stone_axe", "spruce_planks", "iron_pickaxe", "stone_pickaxe", "iron_axe", "blackwood_log", "spruce_stairs", "forest_dirt", "soapstone_wall", "spruce_slab", "torch", "soapstone_stairs", "dark_oak_fence", "framed_slope", "spruce_log", "blackwood_planks", "soapstone_slab", "blackwood_fence", "dark_oak_planks", "iron_sword", "wooden_pickaxe", "polished_soapstone_slab", "cobblestone", "cooked_cod", "soapstone", "larch_planks", "dark_oak_stairs", "cobblestone_bricks", "pink_bioshroom_block", "polished_soapstone", "stone_hoe", "stripped_blackwood_log", "barrel", "crafting_table", "bucket", "water_bucket", "shroomlight", "dark_oak_log", "seed", "framed_sloped_stairs", "dark_oak_chest", "apple", "dark_oak_slab", "item_shelf", "sleeping_bag_white", "source_berry_pie", "dark_oak_vertical_slab", "spruce_vertical_slab", "mcfur/regions_unexplored/blackwood_stool_chair", "wheat_seeds", "blue_bed", "fish_stew", "glowing_pink_bioshroom_block", "cobblestone_wall", "dirt", "sturdy_stone", "track_spruce", "framed_inner_threeway_corner", "cooked_mutton", "gravel", "dark_oak_trapdoor", "creepers_crush", "blackwood_wood", "noir_wine", "blackwood_trapdoor", "blue_lupine", "spruce_fence", "timber_cross_brace", "blackwood_sapling", "cutting_board", "blue_bioshroom", "computer_advanced", "animal_dictionary", "cooked_porkchop", "framed_double_slope", "flower_pot", "glass_item_frame", "smoker", "radio", "iron_boots", "spruce_chest", "spruce_door", "furnace", "framed_vertical_half_stairs", "chest", "item_easel", "pink_lupine"], "killedByRanked": ["player"], "craftedItemsRanked": ["spruce_planks", "spruce_stairs", "torch", "dark_oak_planks", "spruce_slab", "soapstone_wall", "blackwood_planks", "stick", "blackwood_wood", "soapstone_stairs", "blackwood_fence", "soapstone_slab", "polished_soapstone", "cobblestone_bricks", "dark_oak_slab", "polished_soapstone_slab", "larch_planks", "framed_cube", "dark_oak_vertical_slab", "spruce_fence", "dark_oak_fence", "dark_oak_stairs", "mcfur/regions_unexplored/blackwood_stool_chair", "spruce_vertical_slab", "soapstone", "framed_slope", "framed_sloped_stairs", "crafting_table", "framed_vertical_half_stairs", "dark_oak_chest", "stone_shovel", "item_shelf", "cobblestone_wall", "stone_pickaxe", "sturdy_stone", "barrel", "framed_inner_threeway_corner", "framed_flat_ext_inner_slope_panel_corner", "dark_oak_trapdoor", "stone_axe", "spruce_door", "furnace", "iron_pickaxe", "glowing_pink_bioshroom_block", "blackwood_trapdoor", "stone_fillet_knife", "bucket", "timber_cross_brace", "spruce_chest", "iron_axe", "item_easel", "framed_double_slope", "stone_sword", "cutting_board", "wooden_pickaxe", "smoker", "stone_hoe", "chest"], "pickedUpItemsRanked": ["forest_dirt", "soapstone", "cobblestone", "blackwood_log", "dark_oak_log", "spruce_log", "spruce_planks", "stick", "dark_oak_sapling", "framed_slope", "blackwood_sapling", "dark_oak_fence", "spruce_stairs", "framed_cube", "dark_oak_planks", "torch", "soapstone_stairs", "cobblestone_bricks", "blackwood_planks", "pink_bioshroom_block", "blue_lupine", "charcoal", "apple", "soapstone_slab", "soapstone_wall", "stripped_blackwood_log", "seed", "blackwood_fence", "cooked_cod", "wheat_seeds", "framed_double_slope", "coal", "shroomlight", "blue_bioshroom_block", "spruce_sapling", "spruce_fence", "apatite", "dark_oak_stairs", "polished_soapstone_slab", "dark_oak_slab", "rotten_flesh", "crafting_table", "forest_coarse_dirt", "barrel", "framed_corner_pillar", "pink_lupine", "spruce_slab", "dirt", "polished_soapstone", "diorite", "cobblestone_wall", "copper_scaffolding", "sleeping_bag_white", "larch_log", "stone_axe", "bluegill", "source_berry_pie", "gravel", "blue_bioshroom", "tall_blackwood_sapling", "item_shelf", "stripped_dark_oak_log", "blue_bed", "fish_stew", "blackwood_wood", "raw_iron", "dark_oak_chest", "spruce_sign", "hemp_fiber", "track_spruce", "framed_sloped_stairs", "spruce_wood", "gunpowder", "pink_bioshroom", "dark_oak_vertical_slab", "glowing_pink_bioshroom_block", "wine_bottle", "cooked_mutton", "light_blue_mystical_flower", "tall_dark_oak_sapling", "arrow", "bone_meal", "sturdy_stone", "noir_wine", "maintenance_kit", "fireweed", "carp", "biomepedia", "cooked_cod_slice", "bowl", "computer_advanced", "timber_cross_brace", "iron_axe", "chicken", "animal_dictionary", "guide_book", "bone", "flint", "andesite", "belt_of_levitation", "brown_mystical_flower", "larch_boat", "framed_hammer", "spider_eye", "red_grouper", "glass_item_frame", "iron_sword", "acacia_sapling", "minnow", "stone_pickaxe", "straw_hat", "framed_vertical_half_stairs", "item_easel", "spruce_chest", "steampunk_leggings", "warp_scroll", "creepers_crush", "steampunk_boots", "cooked_porkchop", "tall_blue_bioshroom", "red_mystical_flower", "framing_saw", "gray_mystical_flower", "tall_cherry_sapling", "water_bucket", "feather", "worn_notebook", "raw_crab", "spruce_vertical_slab", "lexicon", "furnace", "iron_boots", "iron_pickaxe", "radio", "string", "cutting_board", "light_blue_double_flower", "flower_pot", "calendar"], "killedMobsRanked": ["zombie", "chicken", "skeleton", "drowned", "creeper", "zombie_villager", "spider"], "brokenBlocksTotal": 3926, "usedItemsTotal": 8747, "killedByTotal": 1, "craftedItemsTotal": 4622, "pickedUpItemsTotal": 8859, "killedMobsTotal": 21}, "combined": {"playtimeHours": 12.66201388888889, "metresWalked": 22158.59, "metresSprinted": 21653.53, "metresCrouched": 2627.29, "metresSwam": 478.74, "metresFallen": 1942.35, "metresByBoat": 1207.89, "metresByHorse": 78.62, "metresByElytra": 0.0, "metresWalkedUnderwater": 380.65, "metresFlown": 18457.3, "jumps": 11234, "gamesQuit": 11, "deaths": 247, "mobsKilled": 77, "playersKilled": 289, "deathsByPlayer": 235, "sneakTimeHours": 1.5247916666666665, "brokenBlocks": {"dark_oak_planks": 98, "spruce_planks": 288, "blue_lupine": 3, "pink_bioshroom_block": 13, "copper_scaffolding": 13, "blue_bioshroom": 7, "sleeping_bag_white": 2, "framed_slope": 57, "framing_saw": 1, "polished_soapstone": 7, "iron_ore": 4, "barrel": 17, "dark_oak_stairs": 23, "sturdy_stone": 1, "spruce_wood": 4, "dark_oak_vertical_slab": 4, "radio": 1, "spruce_slab": 13, "light_block": 2, "polished_soapstone_slab": 8, "timber_cross_brace": 2, "torch": 58, "cobblestone_bricks": 8, "noir_wine": 1, "mushroom_stem": 6, "spruce_wall_sign": 6, "cobblestone": 35, "blackwood_sapling": 2, "wall_torch": 11, "soapstone_stairs": 100, "blackwood_fence": 16, "soapstone": 625, "dark_oak_slab": 21, "cutting_board": 1, "framed_vertical_half_stairs": 1, "spruce_vertical_slab": 1, "grass": 80, "dirt": 12, "dark_oak_leaves": 8, "pink_lupine": 2, "soapstone_wall": 32, "dark_oak_log": 8, "computer_advanced": 2, "dark_oak_fence": 81, "spruce_fence": 7, "framed_double_slope": 2, "glowing_pink_bioshroom_block": 4, "hemp": 4, "stripped_blackwood_log": 25, "forest_grass_block": 279, "andesite": 1, "stripped_spruce_log": 2, "chopped_log": 31, "shroomlight": 7, "forest_dirt": 516, "medium_grass": 52, "stone": 561, "tall_dark_oak_sapling": 1, "blackwood_planks": 75, "dark_oak_chest": 6, "pink_bioshroom": 2, "stripped_dark_oak_log": 7, "apatite_ore": 2, "crafting_table": 15, "item_shelf": 6, "soapstone_slab": 53, "blackwood_wood": 2, "track_spruce": 3, "blackwood_log": 179, "tall_grass": 85, "blue_bed": 6, "spruce_stairs": 122, "cobblestone_wall": 6, "tall_blackwood_sapling": 3, "spruce_log": 105, "coal_ore": 26, "spruce_chest": 2, "gravel": 7, "gray_mystical_flower": 1, "blackwood_leaves": 46, "fern": 7, "dandelion": 1, "grass_block": 3, "fire": 5, "tnt": 121, "tripwire_hook": 1}, "usedItems": {"pink_lupine": 1, "spruce_slab": 240, "framed_sloped_stairs": 14, "seed": 16, "item_easel": 1, "chest": 1, "iron_sword": 66, "polished_soapstone_slab": 52, "fish_stew": 7, "creepers_crush": 3, "framed_vertical_half_stairs": 1, "dark_oak_slab": 13, "soapstone_stairs": 191, "computer_advanced": 2, "blue_bioshroom": 2, "cutting_board": 2, "furnace": 1, "cooked_cod": 42, "dark_oak_stairs": 34, "track_spruce": 5, "spruce_door": 1, "stone_pickaxe": 716, "soapstone_slab": 99, "wooden_pickaxe": 59, "dark_oak_vertical_slab": 10, "polished_soapstone": 26, "blue_bed": 7, "stripped_blackwood_log": 25, "dark_oak_trapdoor": 3, "blackwood_fence": 87, "dark_oak_log": 16, "blackwood_sapling": 2, "forest_dirt": 430, "gravel": 3, "blackwood_planks": 110, "timber_cross_brace": 2, "dark_oak_fence": 158, "framed_inner_threeway_corner": 4, "stone_shovel": 888, "spruce_planks": 762, "pink_bioshroom_block": 26, "stone_hoe": 25, "torch": 209, "dirt": 22, "spruce_stairs": 441, "cobblestone_wall": 6, "spruce_fence": 2, "item_shelf": 12, "glowing_pink_bioshroom_block": 6, "shroomlight": 16, "dark_oak_planks": 70, "spruce_chest": 1, "iron_axe": 679, "iron_boots": 1, "barrel": 21, "spruce_vertical_slab": 9, "source_berry_pie": 10, "larch_planks": 34, "sleeping_bag_white": 11, "blue_lupine": 2, "blackwood_log": 671, "mcfur/regions_unexplored/blackwood_stool_chair": 8, "wheat_seeds": 7, "cooked_mutton": 3, "water_bucket": 18, "cobblestone_bricks": 29, "framed_slope": 144, "radio": 1, "crafting_table": 20, "blackwood_trapdoor": 2, "spruce_log": 118, "smoker": 1, "glass_item_frame": 1, "flower_pot": 1, "soapstone_wall": 293, "apple": 13, "iron_pickaxe": 719, "noir_wine": 2, "soapstone": 36, "stone_axe": 880, "framed_double_slope": 1, "dark_oak_chest": 13, "cobblestone": 119, "cooked_porkchop": 1, "bucket": 19, "animal_dictionary": 1, "sturdy_stone": 5, "blackwood_wood": 2, "golden_boots": 1, "vector": 112, "flint_and_steel": 42, "pistol": 53, "big_iron": 62, "trashcan": 6, "baker_rifle": 3, "mossy_cobblestone": 1, "tnt": 457, "bazooka": 135, "glockest_glock": 115, "kraber": 29, "grenade": 5, "m1_garand": 1552, "grenade_launcher": 17, "hog_bonker": 24, "ace_of_spades": 65}, "killedBy": {"player": 235}, "craftedItems": {"barrel": 5, "sturdy_stone": 5, "soapstone": 17, "larch_planks": 44, "soapstone_stairs": 152, "mcfur/regions_unexplored/blackwood_stool_chair": 20, "dark_oak_vertical_slab": 27, "blackwood_trapdoor": 2, "chest": 1, "polished_soapstone_slab": 60, "framed_vertical_half_stairs": 8, "stone_hoe": 1, "smoker": 1, "crafting_table": 12, "spruce_planks": 1379, "framed_slope": 15, "glowing_pink_bioshroom_block": 2, "wooden_pickaxe": 1, "spruce_door": 3, "cutting_board": 1, "dark_oak_slab": 64, "framed_sloped_stairs": 12, "stick": 180, "spruce_vertical_slab": 18, "iron_pickaxe": 2, "stone_sword": 1, "blackwood_planks": 256, "stone_shovel": 7, "framed_double_slope": 1, "item_easel": 1, "soapstone_wall": 276, "furnace": 2, "dark_oak_trapdoor": 4, "spruce_fence": 24, "framed_flat_ext_inner_slope_panel_corner": 4, "dark_oak_chest": 7, "dark_oak_fence": 21, "spruce_stairs": 380, "cobblestone_bricks": 96, "iron_axe": 1, "spruce_slab": 286, "stone_pickaxe": 6, "cobblestone_wall": 6, "blackwood_fence": 114, "spruce_chest": 1, "dark_oak_planks": 312, "blackwood_wood": 168, "item_shelf": 6, "dark_oak_stairs": 20, "soapstone_slab": 108, "timber_cross_brace": 1, "bucket": 1, "stone_axe": 3, "framed_inner_threeway_corner": 4, "framed_cube": 40, "stone_fillet_knife": 1, "polished_soapstone": 96, "torch": 336}, "pickedUpItems": {"calendar": 1, "glowing_pink_bioshroom_block": 4, "flower_pot": 1, "light_blue_double_flower": 1, "cutting_board": 1, "belt_of_levitation": 2, "string": 27, "shroomlight": 40, "radio": 1, "sleeping_bag_white": 12, "spruce_planks": 322, "larch_log": 11, "iron_pickaxe": 1, "blackwood_log": 857, "iron_boots": 1, "furnace": 4, "noir_wine": 3, "blackwood_planks": 75, "lexicon": 1, "stick": 303, "torch": 114, "spruce_stairs": 139, "pink_bioshroom_block": 69, "diorite": 26, "blackwood_fence": 47, "spruce_vertical_slab": 1, "raw_crab": 1, "apatite": 28, "sturdy_stone": 3, "rotten_flesh": 20, "worn_notebook": 1, "cobblestone": 2236, "polished_soapstone": 13, "feather": 2, "water_bucket": 1, "andesite": 52, "dark_oak_vertical_slab": 4, "blackwood_wood": 7, "item_shelf": 9, "tall_cherry_sapling": 1, "flint": 2, "stripped_blackwood_log": 59, "dirt": 266, "hemp_fiber": 6, "bone": 2, "framed_slope": 172, "wheat_seeds": 45, "pink_bioshroom": 4, "gray_mystical_flower": 1, "soapstone_stairs": 100, "framing_saw": 1, "red_mystical_flower": 1, "tall_blue_bioshroom": 1, "cooked_porkchop": 1, "framed_double_slope": 42, "guide_book": 2, "blue_bioshroom_block": 34, "steampunk_boots": 1, "animal_dictionary": 2, "dark_oak_log": 680, "pink_lupine": 16, "barrel": 17, "bone_meal": 3, "spruce_sign": 6, "tall_blackwood_sapling": 9, "dark_oak_fence": 150, "forest_coarse_dirt": 17, "charcoal": 64, "crafting_table": 19, "soapstone": 1005, "chicken": 3, "creepers_crush": 1, "warp_scroll": 1, "blue_bioshroom": 9, "dark_oak_chest": 6, "copper_scaffolding": 12, "steampunk_leggings": 1, "iron_axe": 2, "timber_cross_brace": 2, "source_berry_pie": 10, "framed_cube": 112, "spruce_chest": 1, "bluegill": 10, "computer_advanced": 2, "spruce_slab": 14, "item_easel": 1, "dark_oak_sapling": 222, "raw_iron": 6, "polished_soapstone_slab": 22, "framed_vertical_half_stairs": 1, "bowl": 2, "spruce_fence": 31, "blue_lupine": 68, "fish_stew": 7, "soapstone_slab": 62, "dark_oak_planks": 106, "cooked_cod_slice": 2, "biomepedia": 2, "framed_corner_pillar": 16, "arrow": 3, "cooked_cod": 44, "carp": 2, "tall_dark_oak_sapling": 3, "forest_dirt": 1239, "straw_hat": 1, "gunpowder": 4, "cobblestone_wall": 18, "blue_bed": 7, "light_blue_mystical_flower": 3, "cooked_mutton": 3, "wine_bottle": 3, "apple": 63, "spruce_wood": 4, "stone_pickaxe": 1, "minnow": 1, "acacia_sapling": 1, "iron_sword": 1, "dark_oak_stairs": 23, "dark_oak_slab": 20, "glass_item_frame": 1, "gravel": 11, "red_grouper": 1, "spruce_sapling": 32, "spruce_log": 649, "spider_eye": 1, "cobblestone_bricks": 78, "framed_sloped_stairs": 5, "fireweed": 2, "seed": 48, "blackwood_sapling": 155, "stone_axe": 10, "track_spruce": 5, "soapstone_wall": 59, "framed_hammer": 1, "coal": 48, "stripped_dark_oak_log": 7, "larch_boat": 1, "brown_mystical_flower": 1, "maintenance_kit": 2, "basic_bullet": 164, "tripwire_hook": 1, "birch_slab": 6, "brown_mushroom": 3, "birch_planks": 19, "cobblestone_stairs": 23, "3006": 2624, "white_carpet": 1, "glass": 117, "oak_sign": 3, "orange_tulip": 2, "cobblestone_slab": 12, "glowstone_dust": 2, "bamboo": 16, "dandelion": 2, "jungle_planks": 1, "porkchop": 4, "mossy_cobblestone": 2, "tnt": 56, "cactus": 2, "jungle_stairs": 8, "granite": 54, "white_concrete": 12, "oak_sapling": 2}, "killedMobs": {"spider": 1, "skeleton": 2, "chicken": 2, "zombie_villager": 1, "creeper": 1, "zombie": 13, "drowned": 1, "cat": 43, "parrot": 1, "pig": 4, "wandering_trader": 1, "trader_llama": 1, "bee": 5, "skeleton_horse": 1, "villager": 1}, "brokenBlocksRanked": ["soapstone", "stone", "forest_dirt", "spruce_planks", "forest_grass_block", "blackwood_log", "spruce_stairs", "tnt", "spruce_log", "soapstone_stairs", "dark_oak_planks", "tall_grass", "dark_oak_fence", "grass", "blackwood_planks", "torch", "framed_slope", "soapstone_slab", "medium_grass", "blackwood_leaves", "cobblestone", "soapstone_wall", "chopped_log", "coal_ore", "stripped_blackwood_log", "dark_oak_stairs", "dark_oak_slab", "barrel", "blackwood_fence", "crafting_table", "spruce_slab", "copper_scaffolding", "pink_bioshroom_block", "dirt", "wall_torch", "dark_oak_log", "dark_oak_leaves", "cobblestone_bricks", "polished_soapstone_slab", "fern", "gravel", "stripped_dark_oak_log", "shroomlight", "spruce_fence", "polished_soapstone", "blue_bioshroom", "cobblestone_wall", "blue_bed", "item_shelf", "dark_oak_chest", "spruce_wall_sign", "mushroom_stem", "fire", "hemp", "glowing_pink_bioshroom_block", "dark_oak_vertical_slab", "spruce_wood", "iron_ore", "grass_block", "tall_blackwood_sapling", "track_spruce", "blue_lupine", "spruce_chest", "blackwood_wood", "apatite_ore", "pink_bioshroom", "stripped_spruce_log", "framed_double_slope", "computer_advanced", "pink_lupine", "blackwood_sapling", "timber_cross_brace", "light_block", "sleeping_bag_white", "tripwire_hook", "dandelion", "gray_mystical_flower", "tall_dark_oak_sapling", "andesite", "spruce_vertical_slab", "framed_vertical_half_stairs", "cutting_board", "noir_wine", "radio", "sturdy_stone", "framing_saw"], "usedItemsRanked": ["m1_garand", "stone_shovel", "stone_axe", "spruce_planks", "iron_pickaxe", "stone_pickaxe", "iron_axe", "blackwood_log", "tnt", "spruce_stairs", "forest_dirt", "soapstone_wall", "spruce_slab", "torch", "soapstone_stairs", "dark_oak_fence", "framed_slope", "bazooka", "cobblestone", "spruce_log", "glockest_glock", "vector", "blackwood_planks", "soapstone_slab", "blackwood_fence", "dark_oak_planks", "iron_sword", "ace_of_spades", "big_iron", "wooden_pickaxe", "pistol", "polished_soapstone_slab", "flint_and_steel", "cooked_cod", "soapstone", "larch_planks", "dark_oak_stairs", "kraber", "cobblestone_bricks", "pink_bioshroom_block", "polished_soapstone", "stone_hoe", "stripped_blackwood_log", "hog_bonker", "dirt", "barrel", "crafting_table", "bucket", "water_bucket", "grenade_launcher", "shroomlight", "dark_oak_log", "seed", "framed_sloped_stairs", "dark_oak_chest", "apple", "dark_oak_slab", "item_shelf", "sleeping_bag_white", "source_berry_pie", "dark_oak_vertical_slab", "spruce_vertical_slab", "mcfur/regions_unexplored/blackwood_stool_chair", "wheat_seeds", "blue_bed", "fish_stew", "trashcan", "glowing_pink_bioshroom_block", "cobblestone_wall", "grenade", "sturdy_stone", "track_spruce", "framed_inner_threeway_corner", "baker_rifle", "cooked_mutton", "gravel", "dark_oak_trapdoor", "creepers_crush", "blackwood_wood", "noir_wine", "blackwood_trapdoor", "blue_lupine", "spruce_fence", "timber_cross_brace", "blackwood_sapling", "cutting_board", "blue_bioshroom", "computer_advanced", "mossy_cobblestone", "golden_boots", "animal_dictionary", "cooked_porkchop", "framed_double_slope", "flower_pot", "glass_item_frame", "smoker", "radio", "iron_boots", "spruce_chest", "spruce_door", "furnace", "framed_vertical_half_stairs", "chest", "item_easel", "pink_lupine"], "killedByRanked": ["player"], "craftedItemsRanked": ["spruce_planks", "spruce_stairs", "torch", "dark_oak_planks", "spruce_slab", "soapstone_wall", "blackwood_planks", "stick", "blackwood_wood", "soapstone_stairs", "blackwood_fence", "soapstone_slab", "polished_soapstone", "cobblestone_bricks", "dark_oak_slab", "polished_soapstone_slab", "larch_planks", "framed_cube", "dark_oak_vertical_slab", "spruce_fence", "dark_oak_fence", "dark_oak_stairs", "mcfur/regions_unexplored/blackwood_stool_chair", "spruce_vertical_slab", "soapstone", "framed_slope", "framed_sloped_stairs", "crafting_table", "framed_vertical_half_stairs", "dark_oak_chest", "stone_shovel", "item_shelf", "cobblestone_wall", "stone_pickaxe", "sturdy_stone", "barrel", "framed_inner_threeway_corner", "framed_flat_ext_inner_slope_panel_corner", "dark_oak_trapdoor", "stone_axe", "spruce_door", "furnace", "iron_pickaxe", "glowing_pink_bioshroom_block", "blackwood_trapdoor", "stone_fillet_knife", "bucket", "timber_cross_brace", "spruce_chest", "iron_axe", "item_easel", "framed_double_slope", "stone_sword", "cutting_board", "wooden_pickaxe", "smoker", "stone_hoe", "chest"], "pickedUpItemsRanked": ["3006", "cobblestone", "forest_dirt", "soapstone", "blackwood_log", "dark_oak_log", "spruce_log", "spruce_planks", "stick", "dirt", "dark_oak_sapling", "framed_slope", "basic_bullet", "blackwood_sapling", "dark_oak_fence", "spruce_stairs", "glass", "torch", "framed_cube", "dark_oak_planks", "soapstone_stairs", "cobblestone_bricks", "blackwood_planks", "pink_bioshroom_block", "blue_lupine", "charcoal", "apple", "soapstone_slab", "soapstone_wall", "stripped_blackwood_log", "tnt", "granite", "andesite", "coal", "seed", "blackwood_fence", "wheat_seeds", "cooked_cod", "framed_double_slope", "shroomlight", "blue_bioshroom_block", "spruce_sapling", "spruce_fence", "apatite", "string", "diorite", "cobblestone_stairs", "dark_oak_stairs", "polished_soapstone_slab", "dark_oak_slab", "rotten_flesh", "birch_planks", "crafting_table", "cobblestone_wall", "forest_coarse_dirt", "barrel", "bamboo", "framed_corner_pillar", "pink_lupine", "spruce_slab", "polished_soapstone", "white_concrete", "cobblestone_slab", "copper_scaffolding", "sleeping_bag_white", "gravel", "larch_log", "stone_axe", "bluegill", "source_berry_pie", "blue_bioshroom", "tall_blackwood_sapling", "item_shelf", "jungle_stairs", "stripped_dark_oak_log", "blue_bed", "fish_stew", "blackwood_wood", "birch_slab", "raw_iron", "dark_oak_chest", "spruce_sign", "hemp_fiber", "track_spruce", "framed_sloped_stairs", "porkchop", "spruce_wood", "gunpowder", "pink_bioshroom", "dark_oak_vertical_slab", "furnace", "glowing_pink_bioshroom_block", "oak_sign", "brown_mushroom", "wine_bottle", "cooked_mutton", "light_blue_mystical_flower", "tall_dark_oak_sapling", "arrow", "chicken", "bone_meal", "sturdy_stone", "noir_wine", "oak_sapling", "cactus", "mossy_cobblestone", "dandelion", "glowstone_dust", "orange_tulip", "maintenance_kit", "fireweed", "carp", "biomepedia", "cooked_cod_slice", "bowl", "computer_advanced", "timber_cross_brace", "iron_axe", "animal_dictionary", "guide_book", "bone", "flint", "feather", "belt_of_levitation", "jungle_planks", "white_carpet", "tripwire_hook", "brown_mystical_flower", "larch_boat", "framed_hammer", "spider_eye", "red_grouper", "glass_item_frame", "iron_sword", "acacia_sapling", "minnow", "stone_pickaxe", "straw_hat", "framed_vertical_half_stairs", "item_easel", "spruce_chest", "steampunk_leggings", "warp_scroll", "creepers_crush", "steampunk_boots", "cooked_porkchop", "tall_blue_bioshroom", "red_mystical_flower", "framing_saw", "gray_mystical_flower", "tall_cherry_sapling", "water_bucket", "worn_notebook", "raw_crab", "spruce_vertical_slab", "lexicon", "iron_boots", "iron_pickaxe", "radio", "cutting_board", "light_blue_double_flower", "flower_pot", "calendar"], "killedMobsRanked": ["cat", "zombie", "bee", "pig", "chicken", "skeleton", "villager", "skeleton_horse", "trader_llama", "wandering_trader", "parrot", "drowned", "creeper", "zombie_villager", "spider"], "brokenBlocksTotal": 4074, "usedItemsTotal": 11512, "killedByTotal": 235, "craftedItemsTotal": 4622, "pickedUpItemsTotal": 13601, "killedMobsTotal": 78}, "Fortnite": {"playtimeHours": 2.221861111111111, "metresWalked": 1581.37, "metresSprinted": 3999.53, "metresCrouched": 1032.6, "metresSwam": 103.67, "metresFallen": 1710.33, "metresByBoat": 0.0, "metresByHorse": 0.0, "metresByElytra": 0.0, "metresWalkedUnderwater": 167.36, "metresFlown": 4148.41, "jumps": 2635, "gamesQuit": 4, "deaths": 244, "mobsKilled": 56, "playersKilled": 289, "deathsByPlayer": 234, "sneakTimeHours": 0.719361111111111, "brokenBlocks": {"dandelion": 1, "torch": 1, "grass_block": 3, "tall_grass": 10, "fire": 5, "tnt": 121, "grass": 6, "tripwire_hook": 1}, "usedItems": {"golden_boots": 1, "vector": 112, "flint_and_steel": 42, "pistol": 53, "big_iron": 62, "trashcan": 6, "baker_rifle": 3, "mossy_cobblestone": 1, "dirt": 16, "tnt": 457, "bazooka": 135, "glockest_glock": 115, "kraber": 29, "grenade": 5, "m1_garand": 1552, "grenade_launcher": 17, "cobblestone": 70, "hog_bonker": 24, "ace_of_spades": 65}, "killedBy": {"player": 234}, "craftedItems": {}, "pickedUpItems": {"crafting_table": 1, "basic_bullet": 164, "feather": 1, "chicken": 1, "andesite": 50, "tripwire_hook": 1, "birch_slab": 6, "brown_mushroom": 3, "birch_planks": 19, "cobblestone_wall": 6, "cobblestone_stairs": 23, "string": 26, "dirt": 252, "3006": 2624, "white_carpet": 1, "glass": 117, "oak_sign": 3, "wheat_seeds": 1, "orange_tulip": 2, "cobblestone_slab": 12, "glowstone_dust": 2, "bamboo": 16, "furnace": 3, "torch": 8, "dandelion": 2, "gravel": 2, "jungle_planks": 1, "porkchop": 4, "diorite": 13, "mossy_cobblestone": 2, "tnt": 56, "cactus": 2, "jungle_stairs": 8, "granite": 54, "white_concrete": 12, "oak_sapling": 2, "coal": 7, "cobblestone": 1235}, "killedMobs": {"cat": 43, "parrot": 1, "pig": 4, "wandering_trader": 1, "trader_llama": 1, "bee": 5, "skeleton_horse": 1, "villager": 1}, "brokenBlocksRanked": ["tnt", "tall_grass", "grass", "fire", "grass_block", "tripwire_hook", "torch", "dandelion"], "usedItemsRanked": ["m1_garand", "tnt", "bazooka", "glockest_glock", "vector", "cobblestone", "ace_of_spades", "big_iron", "pistol", "flint_and_steel", "kraber", "hog_bonker", "grenade_launcher", "dirt", "trashcan", "grenade", "baker_rifle", "mossy_cobblestone", "golden_boots"], "killedByRanked": ["player"], "craftedItemsRanked": [], "pickedUpItemsRanked": ["3006", "cobblestone", "dirt", "basic_bullet", "glass", "tnt", "granite", "andesite", "string", "cobblestone_stairs", "birch_planks", "bamboo", "diorite", "white_concrete", "cobblestone_slab", "jungle_stairs", "torch", "coal", "cobblestone_wall", "birch_slab", "porkchop", "furnace", "oak_sign", "brown_mushroom", "oak_sapling", "cactus", "mossy_cobblestone", "gravel", "dandelion", "glowstone_dust", "orange_tulip", "jungle_planks", "wheat_seeds", "white_carpet", "tripwire_hook", "chicken", "feather", "crafting_table"], "killedMobsRanked": ["cat", "bee", "pig", "villager", "skeleton_horse", "trader_llama", "wandering_trader", "parrot"], "brokenBlocksTotal": 148, "usedItemsTotal": 2765, "killedByTotal": 234, "craftedItemsTotal": 0, "pickedUpItemsTotal": 4742, "killedMobsTotal": 57}, "playtimeHoursRanked": ["Beef Mines", "Fortnite"], "metresWalkedRanked": ["Beef Mines", "Fortnite"], "metresSprintedRanked": ["Beef Mines", "Fortnite"], "metresCrouchedRanked": ["Beef Mines", "Fortnite"], "metresSwamRanked": ["Beef Mines", "Fortnite"], "metresFallenRanked": ["Fortnite", "Beef Mines"], "metresByBoatRanked": ["Beef Mines", "Fortnite"], "metresByHorseRanked": ["Beef Mines", "Fortnite"], "metresByElytraRanked": ["Fortnite", "Beef Mines"], "metresWalkedUnderwaterRanked": ["Beef Mines", "Fortnite"], "metresFlownRanked": ["Beef Mines", "Fortnite"], "jumpsRanked": ["Beef Mines", "Fortnite"], "gamesQuitRanked": ["Beef Mines", "Fortnite"], "deathsRanked": ["Fortnite", "Beef Mines"], "mobsKilledRanked": ["Fortnite", "Beef Mines"], "playersKilledRanked": ["Fortnite", "Beef Mines"], "deathsByPlayerRanked": ["Fortnite", "Beef Mines"], "sneakTimeHoursRanked": ["Beef Mines", "Fortnite"]}